1645571117	6648936	0xd5a4b9d8d62a1b936e087e4bb815b65e03f35a7ab17fe53b3c9fd153b0174f4d	22	0x4eb8b4c65d8430647586cf44af4bf23ded2bb794	815747979004342879655790
1648850824	6648936	0x47f8d619b14cda5da739e43ef88bc6a1848673835d4768ef4f57ae8a763a77d7	207	0x9f14db5a794565d952f01e65600793bee20e9269	4814696253746454264048471
1648924777	6648936	0xe1cea365c38edb7d63fd022954a3d3cdd94136dab07cd389710e0c4fcdff797a	220	0xd9c082b563cbddc7698d0843ccb320486e724148	292145216384267051670753
1657524326	6648936	0x73b8f38f48dee4691dad96eb8d1e998c6190a57ccdb741be4cb66849ee5cab45	35	0x614eaf9edc5682cda8ef11d63bfd85676e5060fe	3600000000000000000
1658609905	6648936	0xab4d49e2863f290d3520ea57a01e6746c05dcbf4d4d0c461cd2356f06474bb63	335	0x7379cbce70bba5a9871f97d33b391afba377e885	400000000000000000000
1658673164	6648936	0x3b112e7d6f3bfbd80d92b7c864f0ef32ebcd1fd5aa378a1710987f2077872ada	1	0x141c7c124e574a9be8a2ee654ac3b0ddc2d884be	630000000000000000000
1658922990	6648936	0xe755e592e7cbc7e17929e0150f60bbc5ac4e2f5cbc56b43127090c524481cc3e	44	0x17a10104cbc1ed155d083ead9fcf5c3440bb50e8	4214
1659395104	6648936	0xb6c111e62b1c32f910a332ca576c6650d945dd59f620855fe35436b4ff997122	0	0xc02aaa39b223fe8d0a0e5c4f27ead9083c756cc2	20000000000000000
1659395505	6648936	0xd4cf5d9412abe87155e286695234da3455bebdcf87aa63928cae4bd02e065d46	0	0x853d955acef822db058eb8505911ed77f175b99e	60000000000000000000
1659396314	6648936	0x883757f433d43015e8da351f87dd6094b2f5e3cca35d2b9c0cae45151e32c58a	0	0xa0b86991c6218b36c1d19d4a2e9eb0ce3606eb48	10000000
1659397124	6648936	0x003ebf4b709e290f592b2e4cc0d3045fe138f4739d0c2fc07679a85142af393f	0	0x40eb746dee876ac1e78697b7ca85142d178a1fc8	150039999661000000000000
1659397442	6648936	0x9f85d0a80023758b7cd4978377d84ce7e868fc8b70eb65df14ec166c758cba82	0	0xd417144312dbf50465b1c641d016962017ef6240	150039999661000000000000
1659397705	6648936	0x6c54662703b7688e1266b3ea4464589cbc48aa77e462eab5ab8c2bc74fc17b7d	0	0xe5097d9baeafb89f9bcb78c9290d545db5f9e9cb	150039999661000000000000
1659397754	6648936	0x1d1085107a8b4e3cde3ad9dadb9b615c88147db07a0efdb6662fa95866ba1de1	0	0x40eb746dee876ac1e78697b7ca85142d178a1fc8	150039999661000000000000
1659397875	6648936	0x8d6095257d32a1c7fe2819047080acda94da712de2d1403ec52510360416bd8f	0	0x40eb746dee876ac1e78697b7ca85142d178a1fc8	150039999661000000000000
1659397948	6648936	0x205ca85075144434ca1aa389d93615a755d5dcafc556ea634e9908487bd53463	0	0xe5097d9baeafb89f9bcb78c9290d545db5f9e9cb	150039999661000000000000
1659397997	6648936	0xa9529437f529bc9806cd9ca089add7bbd87d405889133d0732a8069e3ce111ba	0	0x40eb746dee876ac1e78697b7ca85142d178a1fc8	150039999661000000000000
1659398441	6648936	0x3af27d3e304b4982dba6d1d3881a9227d2b66de85b9c1b92dd0b51767de7a673	0	0x40eb746dee876ac1e78697b7ca85142d178a1fc8	150039999661000000000000
1659399330	6648936	0x5c7a4eda0d69d9a6e05e44957659b257241cec5db15126ff1b1079ad9c8e84be	0	0x40eb746dee876ac1e78697b7ca85142d178a1fc8	150039999661000000000000
1659399399	6648936	0xcb6ab728e77d6d51355dea3e7547de8cd44f45094fcf843ba620cd7a76d5f0b1	0	0xf1a91c7d44768070f711c68f33a7ca25c8d30268	8847360000000000000000
1659399474	6648936	0x8bbe08ef45a019642df1cb60398bb72626ab5f1858b4b972f57913fbdfcd7d1e	0	0x40eb746dee876ac1e78697b7ca85142d178a1fc8	150039999661000000000000
1659401699	6648936	0x278247fa0f7a00160cfaa803c8c79ee474698743cacba1e48a8f7b89b63173f3	0	0x40eb746dee876ac1e78697b7ca85142d178a1fc8	750199998305000000000000
1659403144	6648936	0x7c7bb90f7c40f776bb9847c87661bb47e8d571a9a92c988f8df66b01d0adc064	0	0x3d6f0dea3ac3c607b3998e6ce14b6350721752d9	3342710300000000000000
1659403446	6648936	0x9c8f07bd76a0b070001e83a2527afb738657c9b3b365a368fad1077713e3d05b	0	0x3431f91b3a388115f00c5ba9fdb899851d005fb5	150039999660000000000000
1659407246	6648936	0x95fcf2ca7272fd7407206f6fecff529f48dffee76e1cba48cb15963cae265b1a	0	0x40eb746dee876ac1e78697b7ca85142d178a1fc8	150039999661000000000000
1659415702	6648936	0xce71cf6a0744d1d6b2b71112bd8025d5a465372a64cb666150b2dd7ed1f872de	0	0x3d6f0dea3ac3c607b3998e6ce14b6350721752d9	1000000000000
1659415763	6648936	0x98f246f44cd43275cecd82725097be5887c21c774936d9c2073643afdc5de22d	0	0x3431f91b3a388115f00c5ba9fdb899851d005fb5	1000000000000
1659415832	6648936	0x6b17d9ed34cd46071a7cba3d37decb9adf01e6c0d0ba7e71e87137c281dce681	0	0x3d6f0dea3ac3c607b3998e6ce14b6350721752d9	90000000000
1659415949	6648936	0x3c8fe29273110ddf3d353de7f212c07fe239f85a86c94b4e173df75e217d72fe	0	0x3d6f0dea3ac3c607b3998e6ce14b6350721752d9	8910000000000
1659416674	6648936	0x7e4e62f98d4c3194e5b3fbef79cf5fda3330287d489dffd6252634f3f6208d88	0	0x40eb746dee876ac1e78697b7ca85142d178a1fc8	150039999661000000000000
1659465207	6648936	0x4c3ad246adbf6f3891669d02744e7772540ec39d94290dc02513025a16018b99	0	0x40eb746dee876ac1e78697b7ca85142d178a1fc8	15079482066100539003857349
1659737347	6648936	0xa366390c2a10b50d7bcf89798d43fc6399a74d9e2b73d3ded6a860780fc2d028	0	0x3431f91b3a388115f00c5ba9fdb899851d005fb5	385796210682000000000000
1661061222	6648936	0x90bb681939859825355c5461eeb62f1b3e7d541ac01f24e1d08ebccdfc89f10e	219	0xf01f7a348681776c1fc9a066c6973882b693cdc6	10466000000000000000000
1661411472	6648936	0x88fc3c5e05aae4d898fc92eb93c64ee71dcbbb2a4e5e3715f994adcbce72864a	650	0xecf0de4c8498cfd686e4702d955426b22d812d6b	1320898000000000000000000
1663667519	6648936	0x6d4b80f31c25222ee32e63631a83e88cba78e73009c55a6c2420e4d01f53303d	111	0x75e34a4a04d5f5f7fc01801d2d287d64d882529b	44650000000000000000000
1664619407	6648936	0x38375eae6b04dbf049331c2a62050bfe452559c53caf432397505d6595ad8074	561	0xc9da518db3abdb90a82c4d1838b7cf9b0c945e7e	26045000000000000000000
1665094907	6648936	0xfc446f11bc2636ec46739516284107ee63630f3895db9e0379c068791d461a35	364	0x3b0811f422cf7e9a46e7ce22b1425a57949b5360	923475600
1666853903	6648936	0xb23eaa9ca3f7c558bf014a137fe1a9cf3beb6597bebea55bee5efee8c369e002	399	0x0a9dce8eccbb033fbfd2c5d29ed1c84c39369d85	29766000000000000000000
1669425467	6648936	0x417f12e0f938c4211e1e23c05d1885bfdfcc363fc50d625733b03140bd551b1f	446	0xb0fdd1a64a52a22615ba95ba9c2f1e3e677e4bba	8
