1650811245	1651224792	0x3a5b7663d66c6d265d8d70081dc9d2dc5d85a97a5f736336f4b62eea2d63dcd5	2164	0x8be1680d1ff72382f312ca3a207441043c8f9cec	0x4180e90db112047e588b1037db8ed8235c9e1382	200000000000000000000
1650811245	1651308192	0x7fe7e6ea905831d135514fd665d9867349b24134f0dd1217fb7d55a88204bf27	2194	0x68a833447335c96d76d6f1aa8151c7e12ab5527e	0xbc65a184a8967880eed8900ca878c7dc49d2880b	1000000000000000000
1650811245	1651335264	0x398d416d93d129f065f0b609160ffdfb36ae57b518eedcd8b8b5226c128453d7	2201	0xa742fafe323aab537aa5b38f6c5d421219161b81	0xbc65a184a8967880eed8900ca878c7dc49d2880b	2000000000000000000
1650811245	1651335354	0x008f1c99e66186b0888f7c0318845075cc006967efc44f6f8c95041e42ae2d99	2203	0xa742fafe323aab537aa5b38f6c5d421219161b81	0xbc65a184a8967880eed8900ca878c7dc49d2880b	2000000000000000000
1650811245	1651335498	0xe539270c2d98212fab82546b467a91657b6de76af0a975d0ba48cc85f418b6ad	2206	0xa742fafe323aab537aa5b38f6c5d421219161b81	0xbc65a184a8967880eed8900ca878c7dc49d2880b	28700000000000000000000000
1650811245	1651335602	0xa6d6ff855539e739921895bef0984fe7d4816179228e2124cb78d8794a2e3ce9	2208	0xa742fafe323aab537aa5b38f6c5d421219161b81	0xbc65a184a8967880eed8900ca878c7dc49d2880b	28700000000000000000000000
1650811245	1651336002	0xda3f048e50e8e4df1d5726fb3ea6839e95ed15e49b4d7daf3c91a5b44b3f5c72	2216	0x7cb13e6eece8133bb100ab8f0609de267b61b65b	0xbc65a184a8967880eed8900ca878c7dc49d2880b	28650000000000000000000000
1650811245	1659390156	0x94647aedef5658c058efe804f742ee28e2511305d62c20aa507d93c79f9ddbcb	11335	0x1dc78acda13a8bc4408b207c9e48cdbc096d95e0	0xa8c83b1b30291a3a1a118058b5445cc83041cd9d	1000000
1650811245	1659390666	0x3b0afdd6c4e9b2c23ad260b8e93d0954c4aa195994c7db44d501b39768dc7f4f	11337	0x1dc78acda13a8bc4408b207c9e48cdbc096d95e0	0xa8c83b1b30291a3a1a118058b5445cc83041cd9d	3000000
1650811245	1659392190	0x880d4fb9c674ebad73e8ac13025fc8d0d727b15b2a5d81ad1faebc72e81352ab	11339	0x30d2a9f5fdf90ace8c17952cbb4ee48a55d916a7	0xa8c83b1b30291a3a1a118058b5445cc83041cd9d	20000000000000000
1650811245	1659392880	0x76ecb127af05239dd39bd92bd6088eed9040feaf098daad86b8ec9894c4a0112	11344	0x30d2a9f5fdf90ace8c17952cbb4ee48a55d916a7	0xa8c83b1b30291a3a1a118058b5445cc83041cd9d	200000000000000000
1650811245	1659393810	0x2cdc80f24ae1c65b88d956c5709514269c76a911002fca7d1efc7cb87e84ef0c	11350	0xc234a67a4f840e61ade794be47de455361b52413	0xa8c83b1b30291a3a1a118058b5445cc83041cd9d	10000000000000000000
1650811245	1670012550	0x5e2a2dcb8ea29f732e2bf865e6f4ab9cb03b5da385dcafd3bcee3f960be05b30	11367	0xc234a67a4f840e61ade794be47de455361b52413	0x45df69985b9e5be5000000000000000000000000	10000000000000000000
