1650811245	1658652534	0x66619fe90a04633cbdf1ddfc2dff595d097cac80f0fc74d706be642b7ebcb3db	6648936	1673117075	0x03f98ece290918b219334676987b283709298471250dd78aaa917687fd02cf17	3842	0x30d2a9f5fdf90ace8c17952cbb4ee48a55d916a7	0xc02aaa39b223fe8d0a0e5c4f27ead9083c756cc2	0xc271e8e809505b9e46c7e60e8ed56a9b9814a796	0xc271e8e809505b9e46c7e60e8ed56a9b9814a796	100000000000000000
1650811245	1659182436	0x04a446b6cd387efd495813ab4c6c291efc990d99884e59457c22b8bd877b203c	6648936	1672601759	0xe8e46f506d2f24fef772b1e64b43e717a57c997c145950eb35339e1a85c6c779	4416	0x30d2a9f5fdf90ace8c17952cbb4ee48a55d916a7	0xc02aaa39b223fe8d0a0e5c4f27ead9083c756cc2	0xa223c7692d7a80c98a94ce0f2ac19dfeb8fd47ca	0xa223c7692d7a80c98a94ce0f2ac19dfeb8fd47ca	110000000000000000
1650811245	1659261924	0x42f1b21e8e2d18f9e15ea0592e8aa06d9a8871371a4b45679b3a7b0ad515c92c	6648936	1672285247	0x6a70ee30d39bce41bec1a0bbea7cbbc9cd467e8bc35c39b0decce80b8d9bc7ec	4689	0x8e70cd5b4ff3f62659049e74b6649c6603a0e594	0xdac17f958d2ee523a2206206994597c13d831ec7	0xc239876bdf21a9746b2da99622e323c53dd24740	0xc239876bdf21a9746b2da99622e323c53dd24740	650000000
1650811245	1659261996	0x34e9440d67c6877699cbcd6dbd85e1e8d473f7d57ffbe96f5277768bd1e5a244	6648936	1672285775	0x4287d44d327d87456dde4b239670d4bd2bcecf98a9679f568b9e653ea3488dd6	4690	0x8e70cd5b4ff3f62659049e74b6649c6603a0e594	0xdac17f958d2ee523a2206206994597c13d831ec7	0x201b856fe2d5539cbd325cd2c491ca75e4dfa2e7	0x201b856fe2d5539cbd325cd2c491ca75e4dfa2e7	457000000
1650811245	1659262104	0xf48f6dd7577de452e9803b50292ffe07b2ca476ede30c0a02e63cbf80ef3f432	6648936	1672295867	0x4445e51270d99cf57510ae8a483e9be94d89ed827e7c052fdc4087171470b598	4691	0x8f552a71efe5eefc207bf75485b356a0b3f01ec9	0xa0b86991c6218b36c1d19d4a2e9eb0ce3606eb48	0x07ac816d88643a7140cba1624980a0c5e12e7a18	0x07ac816d88643a7140cba1624980a0c5e12e7a18	378000000
1650811245	1659262374	0xfb6903abf45fd6da00b52b7fe4589cc9246c243a7e8c2f9324cd2548e32916e7	6648936	1672287407	0x00ec64ed8aefe43e7f5c62c26058dc36271e22d31cc1acd82181c2f890e7af25	4692	0x8f552a71efe5eefc207bf75485b356a0b3f01ec9	0xa0b86991c6218b36c1d19d4a2e9eb0ce3606eb48	0x65b3626de3c01fd20ad06b34ceb8881b20e0514f	0x65b3626de3c01fd20ad06b34ceb8881b20e0514f	398000000
1650811245	1659263070	0xfb36058ada7f8b60c54320e13bb5fe6a75ba48486977a323544910ee494e33c6	6648936	1672227515	0x1a47d14ce89416b597da8c6962d01f4c85aa3952af13af66374df45535961009	4702	0x8e70cd5b4ff3f62659049e74b6649c6603a0e594	0xdac17f958d2ee523a2206206994597c13d831ec7	0x0b1a1e1176b2aa3f9947c5648cd7ccda4adc172a	0x0b1a1e1176b2aa3f9947c5648cd7ccda4adc172a	600000000
1650811245	1659263106	0x8841b1718fd462556112c9712c285e3f85e9930aa0ab8543fe28fb1e82a5682b	6648936	1672233791	0xcd3f67bc72153570b0cb0499d72cb5b4b057074954bc9341eca462a63fb4bf11	4703	0x8e70cd5b4ff3f62659049e74b6649c6603a0e594	0xdac17f958d2ee523a2206206994597c13d831ec7	0xdcdbd2b5ca6430b2456850cbd2c164413852381a	0xdcdbd2b5ca6430b2456850cbd2c164413852381a	480000000
1650811245	1659263154	0x3a7da6e844dd5b431311c68a3a878485ab81d84f44dec5e2a51da5039fb019d0	6648936	1672235291	0xa4eb3ba21b1027c53c90fc77f9852f96c0a7914a63f7c7a08be879f4589c650a	4704	0x8f552a71efe5eefc207bf75485b356a0b3f01ec9	0xa0b86991c6218b36c1d19d4a2e9eb0ce3606eb48	0x16faf36b378bb424bbf56d76a1b009c727218fc5	0x16faf36b378bb424bbf56d76a1b009c727218fc5	360000000
1650811245	1659263178	0x9c40ec7a34b64ecd6e6d654047fd5f2e7a230fd50698e33a15cb45405f3f65da	6648936	1672301003	0x188139e02bdd9462a5c0c684c79b5f45fe186af03295807c6afa92e54bed0111	4705	0x8f552a71efe5eefc207bf75485b356a0b3f01ec9	0xa0b86991c6218b36c1d19d4a2e9eb0ce3606eb48	0xcb211a172dcff6551d5a1cbffe8c544500a6a2f4	0xcb211a172dcff6551d5a1cbffe8c544500a6a2f4	420000000
1650811245	1659266712	0x7abd81d76ec6bae7ab133cf6d98587174e73c4a559149f986430ce131db3e302	6648936	1672299119	0x37d15f39975c5661e66036ad7174e5a7f7ca24478f28638f15bc21db8856d2bc	4719	0x8e70cd5b4ff3f62659049e74b6649c6603a0e594	0xdac17f958d2ee523a2206206994597c13d831ec7	0xdd385b4680b27e356cc616146d13e5be590e03e0	0xdd385b4680b27e356cc616146d13e5be590e03e0	650000000
1650811245	1659266736	0xbc9b8f762ff3fef45e459a3bf04346d0721a36a61146132cac75f97ef7df1c70	6648936	1672300283	0x3b78ae4e30dafac8decf63ba717c19efd0aaf4055e6d508282dee49b10346117	4720	0x8f552a71efe5eefc207bf75485b356a0b3f01ec9	0xa0b86991c6218b36c1d19d4a2e9eb0ce3606eb48	0xcf221dd92fa622a86603422941eedc1a0363c9b6	0xcf221dd92fa622a86603422941eedc1a0363c9b6	440000000
1650811245	1659266802	0x0e42d4385b2484136af8a71d763799736714c4016f608704ea157bdc44bb87c8	6648936	1672300715	0xd9a85822fcf3fe8223fd55bde2921f1feea125f15c19085ad87bce726b3f5e78	4721	0x8f552a71efe5eefc207bf75485b356a0b3f01ec9	0xa0b86991c6218b36c1d19d4a2e9eb0ce3606eb48	0x9267dd3ef3cb82f5e2c1cfe70de16fbd33f32680	0x9267dd3ef3cb82f5e2c1cfe70de16fbd33f32680	345000000
1650811245	1659268374	0x65f3370385857d6805eddc35749fd95419a7aa11bb3d1becfcc87e1716708ef1	6648936	1672298387	0xee79b7d6f65ad7cddc84a43ed67bd9b1763d891bbd590619c7052fff891484a9	4727	0x8f552a71efe5eefc207bf75485b356a0b3f01ec9	0xa0b86991c6218b36c1d19d4a2e9eb0ce3606eb48	0xf8a6a71d07eb75d7c2e81e94499d756bb15098d4	0xf8a6a71d07eb75d7c2e81e94499d756bb15098d4	353071314
1650811245	1659268452	0xc46fcd628635358ba4293765b78b64f2b3024a536b00bfa087f8436d1909c721	6648936	1672298183	0xfdf9edd59b74ef077ebfdfd25e3f91170ca6667716e34c4a16a5306a347a77d3	4728	0x8f552a71efe5eefc207bf75485b356a0b3f01ec9	0xa0b86991c6218b36c1d19d4a2e9eb0ce3606eb48	0xb3c65f34f898eb03395c2003fdc2b37bb7d771e5	0xb3c65f34f898eb03395c2003fdc2b37bb7d771e5	398547943
1650811245	1659268560	0x5bb7ac7cf9265c5bb42b78529008358142c942b135afd479f1af8e796241568a	6648936	1672297247	0x19430e05c8e4916b82036b866ae90a712b248672230760d9c2eac180a4878245	4730	0x8e70cd5b4ff3f62659049e74b6649c6603a0e594	0xdac17f958d2ee523a2206206994597c13d831ec7	0xf469890d1447e155037d41b36069032b89dd6bcf	0xf469890d1447e155037d41b36069032b89dd6bcf	375000000
1650811245	1659271620	0x3178e2f77d94477c2b58cdc7c81bbd75504ae3778dac32fe230065e461d73a40	6648936	1688633627	0x410b7d7bb292f7be1b238c1502cf87fb0a67edaadede0e0e3b34c695bcc06fb3	4748	0x30d2a9f5fdf90ace8c17952cbb4ee48a55d916a7	0xc02aaa39b223fe8d0a0e5c4f27ead9083c756cc2	0xc54f4a560609dbfee9c6f96597b861521802774a	0xc54f4a560609dbfee9c6f96597b861521802774a	996031000000000000
1650811245	1659306132	0x23653655af94791ea4f5d989d7024142264691e5e45ae9e00164946de6e859c6	6648936	1671646715	0x7f6019d7ad92a9f56734fab84fc9415d6b09a698b7bc0e12ae622481d1676e45	4883	0x8f552a71efe5eefc207bf75485b356a0b3f01ec9	0xa0b86991c6218b36c1d19d4a2e9eb0ce3606eb48	0x18398b19a438ec73845e417298055b1599212039	0x18398b19a438ec73845e417298055b1599212039	2155364369
1650811245	1659333270	0xe8255bd5b8bbdf9c978f6b6873ca30c507878d666aa2576b9624959b9e6aad4a	6648936	1671758399	0xae440ae4c28f8187f643da3b48d1e4d250b9234bafe3eb32bb4a79ee72064105	4936	0x30d2a9f5fdf90ace8c17952cbb4ee48a55d916a7	0xc02aaa39b223fe8d0a0e5c4f27ead9083c756cc2	0x6957d2139d29e7db7913ac21e813f2a561e47ac8	0x6957d2139d29e7db7913ac21e813f2a561e47ac8	3000000000000000000
1650811245	1659345720	0xdb63748cb39e0ec3c0d3dd1585fd58a6f4a1cbbe2b0689343dd1a44d21da1a57	6648936	1691713115	0xeeb5fde0c76829592b9ce487308f96f9b59fa7529a07ebea0da310777269351b	4973	0x30d2a9f5fdf90ace8c17952cbb4ee48a55d916a7	0xc02aaa39b223fe8d0a0e5c4f27ead9083c756cc2	0x604b4ff20f8adbb6e26a5593663949fe5d0a9f8a	0x604b4ff20f8adbb6e26a5593663949fe5d0a9f8a	10000000000000000
1650811245	1659348366	0xd77d31811c9ed159ae17dc31b8975ba3a759aa7af4779fefb4a84cbc934fb530	6648936	1671682583	0x78de179fbe74640592d56c7f4b3c0b5b0d679243f3252f6ac72c5e8f80926d3e	4984	0x30d2a9f5fdf90ace8c17952cbb4ee48a55d916a7	0xc02aaa39b223fe8d0a0e5c4f27ead9083c756cc2	0x1802461373046ccd1726eeff1a1da6c63b2b2acb	0x1802461373046ccd1726eeff1a1da6c63b2b2acb	510000000000000000
1650811245	1659348390	0x0b3f7d22dcf594b6c4145fc7ad60877cb9d8c9ea1b2706c2d7a6d5159d93082b	6648936	1671682787	0x24ad3d6fcc1ae006e337d72921775823470b5ffdedfe3ee95304b5afbdb6b10a	4986	0x30d2a9f5fdf90ace8c17952cbb4ee48a55d916a7	0xc02aaa39b223fe8d0a0e5c4f27ead9083c756cc2	0x49181a7dc4e917a4f18ca0ac949ca06fb0888996	0x49181a7dc4e917a4f18ca0ac949ca06fb0888996	520000000000000000
1650811245	1659353454	0xcf471f72cfd1d8a5bb1135665e28a2d11c0fa63c562ff33b6d5369e9aa82f97a	6648936	1671773627	0xf55b60d70ec820659d2ac7b2d2f65c4ceb2e3b782fd5916dea4a5f07c58e81f5	4999	0x30d2a9f5fdf90ace8c17952cbb4ee48a55d916a7	0xc02aaa39b223fe8d0a0e5c4f27ead9083c756cc2	0x72858dea0e24141e94c0d4df5b178b3c3adeb4bb	0x72858dea0e24141e94c0d4df5b178b3c3adeb4bb	978000000000000000
1650811245	1659364230	0x1f92ad991edc71873fb690eabc097fd79e81ca5f1cedce292dd8fe69eb585694	6648936	1671708443	0x1866e11e7c5f537aaa179df2a683d61dad351c1dd73d0b050bbab1cafb600894	5035	0x8f552a71efe5eefc207bf75485b356a0b3f01ec9	0xa0b86991c6218b36c1d19d4a2e9eb0ce3606eb48	0x2089749d85924ea1a9a06edc1b0d2b5583b25dfe	0x2089749d85924ea1a9a06edc1b0d2b5583b25dfe	1037216886
1650811245	1659364854	0x2e5328d4860fd427d976039200d52bb3f99e44bae2924568f0e5871b217c90b3	6648936	1671679571	0x8a9af1cd34abb08c31e7d12c07dc1c9ceb66724c69e4c48e26cc79c28de4a4e8	5036	0x30d2a9f5fdf90ace8c17952cbb4ee48a55d916a7	0xc02aaa39b223fe8d0a0e5c4f27ead9083c756cc2	0xbc41695cfb12227a729c450b87265fea9f2c2d1e	0xbc41695cfb12227a729c450b87265fea9f2c2d1e	90364000000000000
1650811245	1659375510	0x0f5c581ac06e1d6c3e8b793640064b64fbae487c85e12d41dd51a40d2ba6d42b	6648936	1671755831	0x612e669100bd5b51cf2ad35bb4f02f679c9dd81840f1ed86e88ee8fd4b62cf3b	5062	0x8f552a71efe5eefc207bf75485b356a0b3f01ec9	0xa0b86991c6218b36c1d19d4a2e9eb0ce3606eb48	0xd945290b5bad30dcfd118a48390b754f5f1f29c3	0xd945290b5bad30dcfd118a48390b754f5f1f29c3	1037042512
1650811245	1659386418	0xcb217e985f8a2a7e83db682dd8c29a8304b568f41a0b5d5d0462ed9971174b09	6648936	1695637355	0xb52635216198298464ad403df194c6882a561accd8126d5a04b945e9fdd7538b	5073	0x30d2a9f5fdf90ace8c17952cbb4ee48a55d916a7	0xc02aaa39b223fe8d0a0e5c4f27ead9083c756cc2	0x88eeb79b0cce7000142bbb474562663b4ab623db	0x88eeb79b0cce7000142bbb474562663b4ab623db	70000000000000000
1650811245	1659392364	0xa4b1e6e9f817c03b808c35a9caaf319ce47c689ea91a87226b466f638973890e	6648936	1678905899	0x32375bb123507b324880674c14761260f99bae98184f3bba5ff29fad3b5a8c8d	5086	0x8d6e233106733c7cc1ba962f8de9e4dcd3b0308e	0x853d955acef822db058eb8505911ed77f175b99e	0x5180db0237291a6449dda9ed33ad90a38787621c	0x5180db0237291a6449dda9ed33ad90a38787621c	6250000000000000000000000
1650811245	1659392376	0xcd0b9c98b0714995654fd0243404b79fff11427c96e42deab33a283b1156472a	6648936	1704313787	0x37b558c2ebea87dcf7e798ddbcdc849f16f2c01a8c3025df5fe3dcdc4e2c4952	5087	0x30d2a9f5fdf90ace8c17952cbb4ee48a55d916a7	0xc02aaa39b223fe8d0a0e5c4f27ead9083c756cc2	0x9cbf099ff424979439dfba03f00b5961784c06ce	0x9cbf099ff424979439dfba03f00b5961784c06ce	670751985000000000000
1650811245	1659392418	0xca8b52dafc2fddd84d0773c23a0a78942d493c96b3ebf460c234527c724d8fad	6648936	1678903067	0xc6f8ba72ab053eec4fb5bbf56f0c75d6bfbd140b2e9f79a1d29c19ddef6ed19a	5088	0x21a8daca6a56434bdb6f39e7616c0f9891829aec	0x3432b6a60d23ca0dfca7761b7ab56459d9c964d0	0x5180db0237291a6449dda9ed33ad90a38787621c	0x5180db0237291a6449dda9ed33ad90a38787621c	100000000000000000000000
1650811245	1659392418	0x15702afd8558b297d4c19cb2fd97bcf2745dc04270f576e7ced3d92509d9d963	6648936	1671853655	0xd9fa54bf32d3d4d8236ae6545f7b569863fd42c2a046e8c32aa2e5618938c210	5089	0x1dc78acda13a8bc4408b207c9e48cdbc096d95e0	0x2260fac5e5542a773aa44fbcfedf7c193bc2c599	0xd83eb40979ca0dabe945e22629a72765dc9a39bd	0xd83eb40979ca0dabe945e22629a72765dc9a39bd	29082900
1650811245	1659392646	0x830b60e4132f564143f009c8d346b9076679368e96cda9aa13dd1b4f4234fa50	6648936	1704313835	0x9979a66e9a04c5a8af81753f2fd46b42bf4d8e9e89df41c9a4cfa55a350f990f	5091	0x30d2a9f5fdf90ace8c17952cbb4ee48a55d916a7	0xc02aaa39b223fe8d0a0e5c4f27ead9083c756cc2	0x9cbf099ff424979439dfba03f00b5961784c06ce	0x9cbf099ff424979439dfba03f00b5961784c06ce	2042816614000000000000
1650811245	1659392646	0x3bb844cc2aae7979421010513e3107504d0b5204b2272f059bdd3bee56a531a7	6648936	1671853871	0x4584338d366b55948b6afcc8f0693818fad8f7564b8a4ae30a9a6c088e55eb5f	5090	0x1dc78acda13a8bc4408b207c9e48cdbc096d95e0	0x2260fac5e5542a773aa44fbcfedf7c193bc2c599	0xcc88036fa05c86129bf66260c2a905ab2c7b663c	0xcc88036fa05c86129bf66260c2a905ab2c7b663c	28142100
1650811245	1659392916	0xaa063efbfe959642392bd8ac060ec14c4d670bb45673bd017b95ff13a62b62c8	6648936	1673677595	0xea0d53ea6b225fe14d73f76341d9e3f19d901fee3093ace8a9a8818aacce3896	5093	0x1dc78acda13a8bc4408b207c9e48cdbc096d95e0	0x2260fac5e5542a773aa44fbcfedf7c193bc2c599	0x87a4a78d02d0528b118600d81cafffb4e9c3e5b0	0x87a4a78d02d0528b118600d81cafffb4e9c3e5b0	944000000
1650811245	1659392928	0xe15c30b8f7e6a35416552a2d104672b98a27528504c101fde735cb8261b8f78c	6648936	1704313835	0xc9ca78396d99026de44da91adf131ded4b68d5bbda2a9fc8a443300c580d1ac7	5094	0x8f552a71efe5eefc207bf75485b356a0b3f01ec9	0xa0b86991c6218b36c1d19d4a2e9eb0ce3606eb48	0x9cbf099ff424979439dfba03f00b5961784c06ce	0x9cbf099ff424979439dfba03f00b5961784c06ce	122956110175
1650811245	1659393018	0xbb2db56b7fc8261b13e5b565ca2f5cdc25f04674931459b5b4efdfd8a298754a	6648936	1671625835	0x4a04caa2a001f8eb20d86a1c516c12372247fe948677fecc7d92b7a369a02121	5096	0x30d2a9f5fdf90ace8c17952cbb4ee48a55d916a7	0xc02aaa39b223fe8d0a0e5c4f27ead9083c756cc2	0xc44fd102415ff62769a4e37c70dea27033a5291f	0xc44fd102415ff62769a4e37c70dea27033a5291f	677206413000000000000
1650811245	1659393078	0x1a1d429e91ad70040301e5b17124ae67165f8da5d05127d9314279cbcadc3bd5	6648936	1678902959	0xd61e6118ae5491534e8cddf9e18db159ac93080a18bce6845b5315788573c53a	5097	0x8f552a71efe5eefc207bf75485b356a0b3f01ec9	0xa0b86991c6218b36c1d19d4a2e9eb0ce3606eb48	0x5180db0237291a6449dda9ed33ad90a38787621c	0x5180db0237291a6449dda9ed33ad90a38787621c	1102335902515
1650811245	1659393132	0x40ecbe10f1539d52bcb43625b79c97e313a1504cd5ff12b8fc6e962047408519	6648936	1674191351	0xae67599357e6ce779987c167f9970825e86dd20668d2cff27693ccd746395cde	5098	0x8f552a71efe5eefc207bf75485b356a0b3f01ec9	0xa0b86991c6218b36c1d19d4a2e9eb0ce3606eb48	0x2800b279e11e268d9d74af01c551a9c52eab1be3	0x2800b279e11e268d9d74af01c551a9c52eab1be3	50000000
1650811245	1659393132	0x66770a39135b264572bb68e36b609c998b9e0c1fd4a255f5bd6103723942033c	6648936	1671852851	0xff7c459a91a57a372bfdb4957fd389f4e90bfe3e3d64dc4e4ac6ad02bd4cebe6	5099	0x1dc78acda13a8bc4408b207c9e48cdbc096d95e0	0x2260fac5e5542a773aa44fbcfedf7c193bc2c599	0xcb018790c03bdfd33a82354dee4e320f1398d66f	0xcb018790c03bdfd33a82354dee4e320f1398d66f	18553400
1650811245	1659393246	0xd928c4cdf136308c40af671eb4c1e83884508ab44eff1ca2cdcdd15170bbc380	6648936	1673185391	0x2058a0ae31b8b7298248fd3a4dca803395de2df5b950ac1152417dc32245c460	5100	0x8f552a71efe5eefc207bf75485b356a0b3f01ec9	0xa0b86991c6218b36c1d19d4a2e9eb0ce3606eb48	0x878cff3115220eb23e504c61069a68b88f36dca3	0x878cff3115220eb23e504c61069a68b88f36dca3	959984314
1650811245	1659393570	0x346f06d9934b89867973ed30561387b934fabfd44c7a7a8cd86a26036df8ce72	6648936	1704313907	0x71d77b9b5aaca48c4304d0a67ff3137571a80219a28be049c9443e328764133e	5102	0x30d2a9f5fdf90ace8c17952cbb4ee48a55d916a7	0xc02aaa39b223fe8d0a0e5c4f27ead9083c756cc2	0x9cbf099ff424979439dfba03f00b5961784c06ce	0x9cbf099ff424979439dfba03f00b5961784c06ce	400166830000000000000
1650811245	1659393678	0xeb398e114c1b13fa803f57bd4ffcc594bfa2515f0e5d029de938ffb48c5234aa	6648936	1674191543	0xad61fea47c829b55101b8d2f7db421c40d2216b04d94a1777b0750bab419ff87	5103	0x8f552a71efe5eefc207bf75485b356a0b3f01ec9	0xa0b86991c6218b36c1d19d4a2e9eb0ce3606eb48	0x2800b279e11e268d9d74af01c551a9c52eab1be3	0x2800b279e11e268d9d74af01c551a9c52eab1be3	5025652512232
1650811245	1659393690	0xae643a58ea6b3ec543e7ccbb034af0c6dc96895191985506b8baec676c2f021c	6648936	1672181627	0x1bd0e69a734087e1359eef69cd35147ca93b7bc37100a62306c063353eee6da3	5105	0x8f552a71efe5eefc207bf75485b356a0b3f01ec9	0xa0b86991c6218b36c1d19d4a2e9eb0ce3606eb48	0x37ec14e9ce9a51a58fd3597308909873ca53d67c	0x37ec14e9ce9a51a58fd3597308909873ca53d67c	1000000000
1650811245	1659393690	0xd585a9c52e59a0dbd9c477869e09e35278db7c7e28da43a7f71df91d82cefb61	6648936	1678902875	0x5b1f2138fbe8e8489d28a785ca9eb2c3b8418345b876626ccfef4a2430cafa10	5104	0x8d6e233106733c7cc1ba962f8de9e4dcd3b0308e	0x853d955acef822db058eb8505911ed77f175b99e	0x5180db0237291a6449dda9ed33ad90a38787621c	0x5180db0237291a6449dda9ed33ad90a38787621c	290000000000000000000000
1650811245	1659393798	0xfad6d4580e426c2e0623dc051188c5f54c541c6b3e803a55658502282736e9ec	6648936	1671571619	0x06caab449637c3c386f132435bfa44a76b767423de5ef138b4db30c429be73bf	5106	0x30d2a9f5fdf90ace8c17952cbb4ee48a55d916a7	0xc02aaa39b223fe8d0a0e5c4f27ead9083c756cc2	0xf7434638a7d52e44859a55fcf7c13dc9ddc4b140	0xf7434638a7d52e44859a55fcf7c13dc9ddc4b140	94000000000000000000
1650811245	1659393852	0x2a9bf95e529b0d59113342b946aeadc686fea79a5760a2e5bf471c80f197805a	6648936	1672181675	0x29c60f3e6062efc40fd86d8f44934a4f35d6fba4fac420d1010656a9f3523ea2	5107	0x8f552a71efe5eefc207bf75485b356a0b3f01ec9	0xa0b86991c6218b36c1d19d4a2e9eb0ce3606eb48	0x37ec14e9ce9a51a58fd3597308909873ca53d67c	0x37ec14e9ce9a51a58fd3597308909873ca53d67c	503790632334
1650811245	1659393906	0xd869a8a303ef0274215f5728fbfad9e6b323f6f0f4b3806f03f8cae58bc18a0c	6648936	1671571367	0xbad62f71a63354b3cbedf39cc6e75b5acba3d42af958dad1c35cfdbe1c6f09f5	5108	0x1dc78acda13a8bc4408b207c9e48cdbc096d95e0	0x2260fac5e5542a773aa44fbcfedf7c193bc2c599	0xf7434638a7d52e44859a55fcf7c13dc9ddc4b140	0xf7434638a7d52e44859a55fcf7c13dc9ddc4b140	557261900
1650811245	1659411636	0x9562ab17c6714ffed2b1fc564648acae82b52e2aa36b099e0f0f27bd679bb659	6648936	1684917971	0x4a225c4baeb73c6f3522a63680f6c565fe4db8907bc64a5b6c487b69e3515d9a	5110	0x8f552a71efe5eefc207bf75485b356a0b3f01ec9	0xa0b86991c6218b36c1d19d4a2e9eb0ce3606eb48	0x705ab5b823d692f4d6a5ec6c31e6dbb6684bcf22	0x705ab5b823d692f4d6a5ec6c31e6dbb6684bcf22	506479450
1650811245	1659413886	0x319c45d0d4b363db7af7195a6ca58ab4295f6b5aee1aa63deecdc6b5f4b80bce	6648936	1684483775	0x01a0ecde3d7ad44cf0eaf51f200e7fe34feceac96115019aa1bb0ede0427f2be	5120	0x8f552a71efe5eefc207bf75485b356a0b3f01ec9	0xa0b86991c6218b36c1d19d4a2e9eb0ce3606eb48	0xbf705a542801f6448bfdfaa0acc5ff95ef766180	0xbf705a542801f6448bfdfaa0acc5ff95ef766180	1500000000
1650811245	1659415236	0x7734f24c141eaf0bbc13dc5fa057f109f6438e09c67b7514a365eb9948785d41	6648936	1671690599	0xdd190d6d372c5bd250e926e803fdbf298d7ff5d1f79e675dd95b1444113553a1	5130	0x8f552a71efe5eefc207bf75485b356a0b3f01ec9	0xa0b86991c6218b36c1d19d4a2e9eb0ce3606eb48	0x3777b5e94059adde594073b0c5177ea082fb1941	0x3777b5e94059adde594073b0c5177ea082fb1941	4894844855
1650811245	1659415578	0x07521708734ef41320c2106a294da0e2c91fee0776d18a02d079b073c0922bea	6648936	1671672419	0xa59a4b0c682d974f31599cd3339aed443a342f85ac3460523cd55558d408d16a	5132	0x30d2a9f5fdf90ace8c17952cbb4ee48a55d916a7	0xc02aaa39b223fe8d0a0e5c4f27ead9083c756cc2	0xe8f4f8983be1badd989518ea2114e811a8ef820c	0xe8f4f8983be1badd989518ea2114e811a8ef820c	294659299345413143
1650811245	1659416214	0x39463bd5dc64bddcd4f412356c83df6b2e2476f4de992c0fdec47aff044e2e40	6648936	1672331171	0xb720208e9e3ad3204ab2bee6c6e0f3fc7e555c727b5a3d346785b72072f4fd8a	5137	0x8f552a71efe5eefc207bf75485b356a0b3f01ec9	0xa0b86991c6218b36c1d19d4a2e9eb0ce3606eb48	0xb3a65d7d53d1b7a859cab77882f079a93dd56a28	0xb3a65d7d53d1b7a859cab77882f079a93dd56a28	25000000000
1650811245	1659417210	0x9dc67c4896b4bbecd32ffd4f1577bdd2c60b18643830f3987345137d47f0f907	6648936	1671945959	0xa5767cfa0c31e3f52e95570977a959ddf2fa21a65e660535276c65a919da7a25	5142	0x8f552a71efe5eefc207bf75485b356a0b3f01ec9	0xa0b86991c6218b36c1d19d4a2e9eb0ce3606eb48	0x5dc018f3759fd10d00047405aba436fc11d0189b	0x5dc018f3759fd10d00047405aba436fc11d0189b	9976192633
1650811245	1659417276	0x1268c2f9aa28ea7ee08ce589c3deb99ae320f9de62d3a001fea33105520181c5	6648936	1672057787	0x76f7e788b99ba45b2008e9f1ed536dfb29a79afa7b83743b5404f626eb1a217b	5143	0x8f552a71efe5eefc207bf75485b356a0b3f01ec9	0xa0b86991c6218b36c1d19d4a2e9eb0ce3606eb48	0xec9935578f91e21d72e5de89c48dee82b3dd45dc	0xec9935578f91e21d72e5de89c48dee82b3dd45dc	2981000000
1650811245	1659417312	0x5c39a0d6be67f9e1317598cf189c88586e30cfc73682b3d265ea3a8a45cb6280	6648936	1681940303	0x3aaf99f165499695824428729d7b10e78df42aef10bc2063f8c3973aa16c5b4e	5145	0x8f552a71efe5eefc207bf75485b356a0b3f01ec9	0xa0b86991c6218b36c1d19d4a2e9eb0ce3606eb48	0x184c651478aff7daef6493525ec38973e32de4c3	0x184c651478aff7daef6493525ec38973e32de4c3	4525000000
1650811245	1659417510	0x45da0d7acbd2e48c717d27fcb3fc5fd2eb4adf07f036fccf1e5e6d76af8f67b3	6648936	1672064531	0xea727d4b9bd3ec047f928ef9a804b92f87b241da0d797296c8dccaec1beed786	5146	0x8f552a71efe5eefc207bf75485b356a0b3f01ec9	0xa0b86991c6218b36c1d19d4a2e9eb0ce3606eb48	0x9fcb7c4b76fdaa3c904ebc403cbdb51f2bbc88d7	0x9fcb7c4b76fdaa3c904ebc403cbdb51f2bbc88d7	4000000000
1650811245	1659417582	0xef1563e30c8da600e12c473f3121e08acb74edd01467c2d78a01b419d48e91d8	6648936	1672057619	0xc41c3918770b0a991c9c5dd0a24ff6f2a29943894cd4d536a08950be0bca23fc	5147	0x8f552a71efe5eefc207bf75485b356a0b3f01ec9	0xa0b86991c6218b36c1d19d4a2e9eb0ce3606eb48	0xec9935578f91e21d72e5de89c48dee82b3dd45dc	0xec9935578f91e21d72e5de89c48dee82b3dd45dc	4255000000
1650811245	1659418008	0xb399f853222173583c5d48e260a72715c997483647099ff2e5f9a708dad3426a	6648936	1671594143	0x569747d56b6be4161bd208cba6e5a5968e7bf402c37ec888e13c272b381e3c13	5152	0x8f552a71efe5eefc207bf75485b356a0b3f01ec9	0xa0b86991c6218b36c1d19d4a2e9eb0ce3606eb48	0x1a4204cb46137f0acb9816a67f295dcabbac3250	0x1a4204cb46137f0acb9816a67f295dcabbac3250	6832518560
1650811245	1659418692	0xff0d029608e74995201ec9c900a20fdb4e2b029fdc0951c639aebcc8211b493e	6648936	1671564815	0xaf0151a7d5eb391ff56e2fc9617e3ae6573446b513b5ee84160b644839d8a703	5154	0x8f552a71efe5eefc207bf75485b356a0b3f01ec9	0xa0b86991c6218b36c1d19d4a2e9eb0ce3606eb48	0xe924d3860c3eadb4c11eb52a3d8d5798e13c080e	0xe924d3860c3eadb4c11eb52a3d8d5798e13c080e	10793280112
1650811245	1659418776	0xd50d519534bcfa759c9a4bdb16df5ac0461c0d350d56be56032fa0272b5c8b8e	6648936	1671565259	0x54f28cfea41ed25b07402a90b998865f7f035709482ed89a2184a9c2185262e1	5155	0x8f552a71efe5eefc207bf75485b356a0b3f01ec9	0xa0b86991c6218b36c1d19d4a2e9eb0ce3606eb48	0xb2952147dfb18bb64c208ea8bcfb198c34abf694	0xb2952147dfb18bb64c208ea8bcfb198c34abf694	5012612736
1650811245	1659419592	0xa992b87cdf0465527a0f5457b071cd3aff8efcdf963780fce45dd9bf3937d4a4	6648936	1673245451	0xd64740a8c2d2e25628c5d14dfb932c3394103d9e350d0cbe6355cc7e4fb84de3	5157	0x8f552a71efe5eefc207bf75485b356a0b3f01ec9	0xa0b86991c6218b36c1d19d4a2e9eb0ce3606eb48	0xc29240c96f096c4d4c5ddd11533dfde66338f0d7	0xc29240c96f096c4d4c5ddd11533dfde66338f0d7	6540539884
1650811245	1659419808	0x1b8fcf711dc9bf947e66bc12cade75a2729820753cf6adcbe09485918635087a	6648936	1678694399	0xa00416570a96cca55b12eb6920c66b4ab77cc68c1aafb018fb3d0c1a8f2fe917	5160	0x8f552a71efe5eefc207bf75485b356a0b3f01ec9	0xa0b86991c6218b36c1d19d4a2e9eb0ce3606eb48	0x38daea6f17e4308b0da9647db9ca6d84a3a7e195	0x38daea6f17e4308b0da9647db9ca6d84a3a7e195	5664305494
1650811245	1659420084	0xbe0d773cfb22bfb37fe0ce6c6eb144f9ac633f0e09a39776ada95a1338f3e6ba	6648936	1671581231	0x1104267a5eaf5527e38e6ebfd31899241f56a61ebc1789eadc680a153c4e7c3d	5161	0x8f552a71efe5eefc207bf75485b356a0b3f01ec9	0xa0b86991c6218b36c1d19d4a2e9eb0ce3606eb48	0x721866627125c2418844d78ccf8754a765200dad	0x721866627125c2418844d78ccf8754a765200dad	2162825472
1650811245	1659420156	0x592db67790201fc46452895fb14b35aba4044cddd44493b2876652d153fb535f	6648936	1676698451	0xa65dd5c7865ac7ef367601c037e479792dfbda8dd1b5e651949f5bde749161b5	5162	0x8f552a71efe5eefc207bf75485b356a0b3f01ec9	0xa0b86991c6218b36c1d19d4a2e9eb0ce3606eb48	0xc21c23e7f54bd5350236e4d68d01e2c3d95f7447	0xc21c23e7f54bd5350236e4d68d01e2c3d95f7447	1000000000
1650811245	1659420372	0x881d8b07eaae12f5164056eb12a888c05648602351aa6a5d7b07c4065b290600	6648936	1671581303	0x4c0eb031dfb25e473303af6d4a11367321409f9b37b2ffe93b684d6d24a91f65	5163	0x8e70cd5b4ff3f62659049e74b6649c6603a0e594	0xdac17f958d2ee523a2206206994597c13d831ec7	0x721866627125c2418844d78ccf8754a765200dad	0x721866627125c2418844d78ccf8754a765200dad	1048339949
1650811245	1659420444	0x668d95d3a08d0e5072e50913433d83c3a9aad1111d871ceaafe9245594db5c07	6648936	1671581327	0x2245b6cfdde66cfdf4f94261b11008e1217ab9606b614d65b1f7cf883988e1ce	5164	0x8f552a71efe5eefc207bf75485b356a0b3f01ec9	0xa0b86991c6218b36c1d19d4a2e9eb0ce3606eb48	0x721866627125c2418844d78ccf8754a765200dad	0x721866627125c2418844d78ccf8754a765200dad	2954765528
1650811245	1659420810	0x6a6b17e64163254ddd33e7315c8014976042553dbeb16db2105c7c8e8ed8d587	6648936	1672927091	0xec39ab5c8371ded0a5b463ada612bf9f7794514de3bd26132ea742f1f701b536	5166	0x8f552a71efe5eefc207bf75485b356a0b3f01ec9	0xa0b86991c6218b36c1d19d4a2e9eb0ce3606eb48	0x581d17083f6ff69bbccdd9afba2b84171678cd2c	0x581d17083f6ff69bbccdd9afba2b84171678cd2c	6882000000
1650811245	1659421116	0x009ea7a89085ecbaf229bb8940279390ff4e6766287c53b735654c89db0c9e81	6648936	1672061171	0xff9e7ff56cc2a054dfe0d32e2ec8657105de9860c370b9b9b553411bfd3c7ae3	5167	0xacc15dc74880c9944775448304b263d191c6077f	0xba8d75baccc4d5c4bd814fde69267213052ea663	0xa98ef087bca29a59d610534816b0dc578960ddbd	0xa98ef087bca29a59d610534816b0dc578960ddbd	100000000000000000000
1650811245	1659421188	0x1f6333477865bd15b703fdf65de1a44cab9aac57d2ba61c5b66db1cc8fc4d2e9	6648936	1677393515	0xc9ffecb3a8f197a8144dd67138bc6744796d13cdec3dcdbfc7acdba0ea460c48	5168	0x8f552a71efe5eefc207bf75485b356a0b3f01ec9	0xa0b86991c6218b36c1d19d4a2e9eb0ce3606eb48	0xc21c23e7f54bd5350236e4d68d01e2c3d95f7447	0xc21c23e7f54bd5350236e4d68d01e2c3d95f7447	50000000
1650811245	1659422904	0xaf556f8a237e42c14be4fef874ee6a5043faf21dbae97d18a1828a0cc0b8aebe	6648936	1672376195	0xe85c1b2996d757335c40acee794b2688b89e6747d7b64875e7101fb9515e38cd	5173	0x8f552a71efe5eefc207bf75485b356a0b3f01ec9	0xa0b86991c6218b36c1d19d4a2e9eb0ce3606eb48	0x17fcdd289a3431cb9be3facbda08a26f15b7938a	0x17fcdd289a3431cb9be3facbda08a26f15b7938a	15018191900
1650811245	1659423078	0xdc9f2187aed03b85159a0e12db93bfd4c043a45754ec7200833503da2b502779	6648936	1672927103	0x32c94aada48b8bc645b1b1d18e09cbbcc33db40ced1735d21c9ed19da86db102	5175	0xc234a67a4f840e61ade794be47de455361b52413	0x6b175474e89094c44da98b954eedeac495271d0f	0x581d17083f6ff69bbccdd9afba2b84171678cd2c	0x581d17083f6ff69bbccdd9afba2b84171678cd2c	503900000000000000000
1650811245	1659423258	0xa3cef1e9ab1fb7d7951884ac80c06316fcdbccdad52cc782212c6c821722de10	6648936	1671773639	0x806f2ab002e21e8005ea4686d891ab5dce819ff7503568644ea5d97a2dbaba62	5177	0xc234a67a4f840e61ade794be47de455361b52413	0x6b175474e89094c44da98b954eedeac495271d0f	0x572032a876224a8ff33c8fb77748bba8a2d8c975	0x572032a876224a8ff33c8fb77748bba8a2d8c975	505001341633879278914
1650811245	1659424308	0x4471a9d547aa53c9265b073a204ae1160bd3209bf15790442ec8b0cc0ca42e1d	6648936	1671622391	0x999529b3da7717087e878bf57a854ded28be9c2adc21b5f046cd290a18dadd11	5181	0x8f552a71efe5eefc207bf75485b356a0b3f01ec9	0xa0b86991c6218b36c1d19d4a2e9eb0ce3606eb48	0xc8728ae130381eb77fc9a8b715564b00e83e19df	0xc8728ae130381eb77fc9a8b715564b00e83e19df	1475130158
1650811245	1659426216	0x45009e04b595f597be13b7db12d20e7f6cd970c1332ae7355a63293c6007449b	6648936	1671567803	0xd5169a75fe119d32295129d405b0043a66a39bccabe45d666462425cbbea239f	5187	0x8f552a71efe5eefc207bf75485b356a0b3f01ec9	0xa0b86991c6218b36c1d19d4a2e9eb0ce3606eb48	0x80039dc3d5bb48ec4bd822c4e8828574fdcc51a6	0x80039dc3d5bb48ec4bd822c4e8828574fdcc51a6	1395000000
1650811245	1659426396	0xefa2811a7c28573a945f059a06ee23931d993c6d3f9dec3d3b97c951768b9e5a	6648936	1672968971	0xb01848b3ebeca5c0c74951fdff858fcb614f9ce9b9aacf669465fb4e1fcb3d98	5190	0x30d2a9f5fdf90ace8c17952cbb4ee48a55d916a7	0xc02aaa39b223fe8d0a0e5c4f27ead9083c756cc2	0xe095d1a7ed1a1173d69d7bd724b2b7c6c81b0e4b	0xe095d1a7ed1a1173d69d7bd724b2b7c6c81b0e4b	60000000000000000
1650811245	1659427278	0x0c0f96d9047652b7cc74165bd38c69f436279d325f14e91145db79358055c5e3	6648936	1671605879	0xe41cba60cf35f600fe4aa129d0cc48f21fb10a613c29c015969e85529185c797	5193	0x1dc78acda13a8bc4408b207c9e48cdbc096d95e0	0x2260fac5e5542a773aa44fbcfedf7c193bc2c599	0x508e33a2a997971ded64697b778221f2163df972	0x508e33a2a997971ded64697b778221f2163df972	1586256
1650811245	1659427650	0xe0c8c75f2b7c63bda6d603e9e82c7bb1d6cfe7050003dab678f3f2d679d44c65	6648936	1674566675	0x942574ba29b5a85c5d0eb6b32b2d1a6b7f846fb117bdb2590bb1e19589635d46	5195	0x8f552a71efe5eefc207bf75485b356a0b3f01ec9	0xa0b86991c6218b36c1d19d4a2e9eb0ce3606eb48	0x58e2c444194ea415efe13779aa006dc36a41c842	0x58e2c444194ea415efe13779aa006dc36a41c842	542200000
1650811245	1659427938	0xc5194514525c23ff745f9e0dd388103a3e707f1b1afd846fb1d4aa6549b4090a	6648936	1672215947	0x7ba36b88df5e676a41ae1ce82bc667fa89bc54562b28fc6bd4ec6521d7f61cb3	5198	0x8f552a71efe5eefc207bf75485b356a0b3f01ec9	0xa0b86991c6218b36c1d19d4a2e9eb0ce3606eb48	0x1774041e36f2790d3176daa59d400c04b9f57e6c	0x1774041e36f2790d3176daa59d400c04b9f57e6c	43540020090
1650811245	1659427968	0x9df753a8873114bd2df90e1c5da793da2f05796f76ee02d446be77ef943b8dbb	6648936	1673591471	0x2a9cc15e4ae0671df3b064445e264b39ad63c88b2af221158836b2135ec476f1	5199	0x8f552a71efe5eefc207bf75485b356a0b3f01ec9	0xa0b86991c6218b36c1d19d4a2e9eb0ce3606eb48	0xd2602af851f1c25c774e4511f8f70bf46aca409d	0xd2602af851f1c25c774e4511f8f70bf46aca409d	530700000
1650811245	1659428112	0x5d0baf674d7cc3a8305759387e42aea3f2e5fbec31704d17f601ae3666fecf53	6648936	1672216775	0x87dc95c33a9f894e8c6e20927ba9b4cff5d2680fbdca5a528f83e5ac900367ca	5201	0x8f552a71efe5eefc207bf75485b356a0b3f01ec9	0xa0b86991c6218b36c1d19d4a2e9eb0ce3606eb48	0x7ee136128a88561b703b917557130f4242900306	0x7ee136128a88561b703b917557130f4242900306	100000000000
1650811245	1659428598	0x2c595c9d260ff1822184018a863c0d185ad92863d53b5d6e56fe612ca9a8f0a7	6648936	1671567239	0x9817181fbc5358f4c4582806f99c1c9e591eb2ee1c05844e00e2dc9a4c62449c	5205	0x8f552a71efe5eefc207bf75485b356a0b3f01ec9	0xa0b86991c6218b36c1d19d4a2e9eb0ce3606eb48	0x71abba53768a3d8fab89ff22aba855d36aaf0147	0x71abba53768a3d8fab89ff22aba855d36aaf0147	1000000036
1650811245	1659429024	0x5f52c95bdfe5015eab3003f281a500c1dbc9ccc825fd4bb04a055b78f3f5585f	6648936	1672061147	0xf8f7f54c932048a47b14d81ff3b52b5d29104fe1bf6e32ebe328635d81013ce1	5209	0x8f552a71efe5eefc207bf75485b356a0b3f01ec9	0xa0b86991c6218b36c1d19d4a2e9eb0ce3606eb48	0xa98ef087bca29a59d610534816b0dc578960ddbd	0xa98ef087bca29a59d610534816b0dc578960ddbd	100000000
1650811245	1659429414	0xdc4b9cdb252534c8818dd12022a49907cd3864bd41c07de47a50afc9db4c4adb	6648936	1671567503	0x2ad8fe6927e1f6f45958805a6357c00b772710855fa034e80edfa8cc01cbd64e	5212	0xc234a67a4f840e61ade794be47de455361b52413	0x6b175474e89094c44da98b954eedeac495271d0f	0x71abba53768a3d8fab89ff22aba855d36aaf0147	0x71abba53768a3d8fab89ff22aba855d36aaf0147	10090000000000000000000
1650811245	1659431850	0x6aea5e67bd563ee7d3e50adf05800ac299c2b09719fd82c26527989a6eea4ef7	6648936	1673591651	0x2e71928503ce03ce17529b1399e3399462484f2c92e65269fbd3b0b363c2e57e	5222	0x8f552a71efe5eefc207bf75485b356a0b3f01ec9	0xa0b86991c6218b36c1d19d4a2e9eb0ce3606eb48	0xd2602af851f1c25c774e4511f8f70bf46aca409d	0xd2602af851f1c25c774e4511f8f70bf46aca409d	100000000
1650811245	1659435804	0x2d40f0f809ce6ad9d92006c99c194055f378b1dfab7e5efaed670921539a5104	6648936	1671597407	0x501b4ed04dfb5666e0fd7feda6a63bb71dc85cafc6f5400fa477f25dfcf8245d	5235	0x30d2a9f5fdf90ace8c17952cbb4ee48a55d916a7	0xc02aaa39b223fe8d0a0e5c4f27ead9083c756cc2	0xb2c9aa0dab5797ec17eb99c7006b8db224e916ba	0xb2c9aa0dab5797ec17eb99c7006b8db224e916ba	1267826619654425025
1650811245	1659436650	0xa0e3f724e093e39f45865c14fb7b289cebef996ace1345b9ead2b8466ddae84f	6648936	1671597371	0x05eb92801ebf46e892a1bdc61a2a1cc1477dba8c9ef8e31f725d7bb592e4e230	5240	0x30d2a9f5fdf90ace8c17952cbb4ee48a55d916a7	0xc02aaa39b223fe8d0a0e5c4f27ead9083c756cc2	0x5a33b47507e5225fcd7df11de06c84680ea5db87	0x5a33b47507e5225fcd7df11de06c84680ea5db87	164000000000000000
1650811245	1659437220	0xa8d9eb7ffbec5ba466dcc52a568004ab548c347e5482e09bccbfd5916683d9fd	6648936	1686854459	0x5089421e8ed67a75e3ca195474e3447d5317ac1b5a7f78f3ebd0a1e85d3f6d97	5245	0x1dc78acda13a8bc4408b207c9e48cdbc096d95e0	0x2260fac5e5542a773aa44fbcfedf7c193bc2c599	0xf8b5c125359b53dab651b3eb9cb5c65a22c6b13b	0xf8b5c125359b53dab651b3eb9cb5c65a22c6b13b	1000000
1650811245	1659437748	0x02a0a3836a33e1c0ef722cc2740fa87d030d1cbe9e1f22d851b397e4a7106646	6648936	1679415203	0x7f84a47fcc2fcad6877653dfcc13a5e206979f096a14ba57f3d8181db1d76b91	5249	0x30d2a9f5fdf90ace8c17952cbb4ee48a55d916a7	0xc02aaa39b223fe8d0a0e5c4f27ead9083c756cc2	0x41c39b1936152b424c18b9d8148358526fd98f30	0x41c39b1936152b424c18b9d8148358526fd98f30	594153718193745089
1650811245	1659437904	0xe2a6188d797f286291a173a96ab46bab725e68cdfbde52d540267c1686dc3bdf	6648936	1674462827	0xe1417c4c9eeb28213be826feaac940b3693266bdcce4c78ae1af386e3c47a002	5250	0x8e70cd5b4ff3f62659049e74b6649c6603a0e594	0xdac17f958d2ee523a2206206994597c13d831ec7	0x680f285d68b7a6641fcc4d7d609cce1e9bdb3bba	0x680f285d68b7a6641fcc4d7d609cce1e9bdb3bba	806300000
1650811245	1659442050	0x26ba1d7976ecea2465ddc68f34636aaf0e7cbf1915adf7b6999d1ffe81ef3787	6648936	1678849187	0x555630a74ce3a7952a9b49984e7283576b837c455b883e46d75ef55570863856	5262	0x8f552a71efe5eefc207bf75485b356a0b3f01ec9	0xa0b86991c6218b36c1d19d4a2e9eb0ce3606eb48	0x5464204ab93bf4e2d698875a59c8f4e988888888	0x5464204ab93bf4e2d698875a59c8f4e988888888	1000000000
1650811245	1659443184	0xd8ae4edffe8be995c511b49f696ad5b0da828e4385abed86a622f5c66587612c	6648936	1673251175	0xf2ea67e954c0e949b9eb0e90950c2c4efeedddbded60e550517ed9e6716cde71	5267	0x30d2a9f5fdf90ace8c17952cbb4ee48a55d916a7	0xc02aaa39b223fe8d0a0e5c4f27ead9083c756cc2	0xde5575b714744a0b75ada4e92663a9fa73a43dfa	0xde5575b714744a0b75ada4e92663a9fa73a43dfa	180000000000000000
1650811245	1659444486	0x06c793e01c87b7361a624bf0454dae7573475a95277ef87136c73291a85e34cb	6648936	1673195951	0x341e3b1aaf0abffb72048ca43da78fc44d2c1d64a5416aff3acc87b2eb4c4fb1	5272	0x8f552a71efe5eefc207bf75485b356a0b3f01ec9	0xa0b86991c6218b36c1d19d4a2e9eb0ce3606eb48	0x51aaa901e7e9dd308d027daec278864a0373134f	0x51aaa901e7e9dd308d027daec278864a0373134f	15750652161
1650811245	1659445452	0xddf3457540bc4bfcb213d7aa62584d59c3e9ac98f812b3224066929fb0545d2d	6648936	1671565187	0x90de5581889bcb9b679a5cfd8faf299951b7bb6ac5ef62efd72ff7c3a34c5457	5277	0x8e70cd5b4ff3f62659049e74b6649c6603a0e594	0xdac17f958d2ee523a2206206994597c13d831ec7	0x8ef7110844bb81bed559213bdb6fae8e550f164a	0x8ef7110844bb81bed559213bdb6fae8e550f164a	3860749148
1650811245	1659455238	0xbe7015585dd6a2cc6186a22da7edf192c8e523190eb6ad1b45e1d2fe4aa011fe	6648936	1678607663	0x2b41621ca392cd8df73ef4ad27b56f1b61607c995a3688ce359b94fab662b91b	5289	0x8f552a71efe5eefc207bf75485b356a0b3f01ec9	0xa0b86991c6218b36c1d19d4a2e9eb0ce3606eb48	0x309471398adfa2b136970583ad0db66294f035e3	0x309471398adfa2b136970583ad0db66294f035e3	717547005
1650811245	1659471192	0x316959257904ef675dd9eedfd06f94c2df2bfca2e672e01179ad6cf1f746e569	6648936	1671805175	0x0cbc02f7ebef6ecb4038db2db652095a4624d67c5ad2f697dca11a2f0400e935	5308	0x30d2a9f5fdf90ace8c17952cbb4ee48a55d916a7	0xc02aaa39b223fe8d0a0e5c4f27ead9083c756cc2	0x4deec6b68b3090fc7a7e7a494fc8fa65080c75e8	0x4deec6b68b3090fc7a7e7a494fc8fa65080c75e8	50000000000000000
1650811245	1659484788	0x3e6cb18b3eb958e5f01d2154c8b1a5d6a1d8eb134329096c3228406d96d965a2	6648936	1671577751	0x567017bc96d6f804530b0ff28e689988bf0f21e8716291d8930fa07d38e42104	5323	0x8f552a71efe5eefc207bf75485b356a0b3f01ec9	0xa0b86991c6218b36c1d19d4a2e9eb0ce3606eb48	0x5f45b03ecff80eb6b4d5829661fd49a241f06a33	0x5f45b03ecff80eb6b4d5829661fd49a241f06a33	503214148
1650811245	1659489240	0xdb3c25791d3d75053cc036c9fe9ea8410dba33add1c393fec8727444212974a9	6648936	1715057399	0x5b03906083c10a01a8271bde34d44f0eebdb977ccf7c408c2aace0cac07c8481	5324	0x8f552a71efe5eefc207bf75485b356a0b3f01ec9	0xa0b86991c6218b36c1d19d4a2e9eb0ce3606eb48	0x62c0c8a0456a977aa007326bb9d8cc1e9d3cc082	0x62c0c8a0456a977aa007326bb9d8cc1e9d3cc082	100000000
1650811245	1659581208	0xc187339d83d31557cce0fea2f7cf345608388c840c96565f24de2c08ab021cf3	6648936	1676599607	0x8e9656371a20ee4d17393afdda86f0edada4c60d8f75ddcb6cf1edfed9daad7d	5336	0x8f552a71efe5eefc207bf75485b356a0b3f01ec9	0xa0b86991c6218b36c1d19d4a2e9eb0ce3606eb48	0xafea69a7f761be7b359b0f5daed8afff8ebca4fe	0xafea69a7f761be7b359b0f5daed8afff8ebca4fe	391631124
1650811245	1662757170	0xcf425e84ac3759ad038a76bf5508e7cd794bdaf0f227ce4f7ee6bd5d4fff86ef	6648936	1672145927	0x840ea12668e9b62516acfaac7c803c9535fbb8d6725859920940f00526ad8a48	5339	0x30d2a9f5fdf90ace8c17952cbb4ee48a55d916a7	0xc02aaa39b223fe8d0a0e5c4f27ead9083c756cc2	0x2b993d6f7cff0058c402263fe86e718795401a3e	0x2b993d6f7cff0058c402263fe86e718795401a3e	333054000000000000
