Transaction Hash,Status,Method,Blockno,DateTime (UTC),From,From_Nametag,To,To_Nametag,Amount,Value (USD),Txn Fee
0x570346c4744b511082d6c052c7ca0ee765f53284c9ab88a894ba933e2e0addd8,Success,Prove And Process,17879044,2023-08-09 18:11:11,0xba20104d5284d7fb855e48f6919b6e5166fab2fb,,0x5d94309e5a0090b165fa4181519701637b6daeba,,0 ETH,$0.00,0.01108157
0xdf918ccef2c438d11600ed3c7be3b55af2f6abc2657cb0d213b208d013509f94,Error in Main Txn : execution reverted,Process,17657719,2023-07-09 17:46:11,0xb68d71788769b71a6a6c1706c6330981ff136f5e,,0x5d94309e5a0090b165fa4181519701637b6daeba,,0 ETH,$0.00,0.00065025
0xe29c4784af11cec3349ff415e5d445f23e4574b4011a05c8a4f6d34d9aa75ed2,Error in Main Txn : execution reverted,Process,17657719,2023-07-09 17:46:11,0xb68d71788769b71a6a6c1706c6330981ff136f5e,,0x5d94309e5a0090b165fa4181519701637b6daeba,,0 ETH,$0.00,0.00064486
0xc4813daa1ea2c79130178f7ca2a5a35008ad3c37159632599e71e812b19d7257,Success,Prove And Process,16453419,2023-01-21 06:35:47,0x73f69fae576817aa091eb8bd32c93a05bbe84132,,0x5d94309e5a0090b165fa4181519701637b6daeba,,0 ETH,$0.00,0.00666092
0x59a675789263008b99a4d0b2060b85970fcc6f7ca33f864008d0b4bb0ad44ee2,Success,Update,16450999,2023-01-20 22:28:11,0xff3703e510f4ff4d8686f2f33f722d5c565d18f7,,0x5d94309e5a0090b165fa4181519701637b6daeba,,0 ETH,$0.00,0.00273999
0x56ce274a6b1dc5f55bb181650afcdf8c1b396cce20264a45852a89afb67758cb,Error in Main Txn : execution reverted,Process,16433696,2023-01-18 12:29:23,0x023921fa7e5e9e14d0576ff41a7951e61d1f8888,Fake_Phishing139683,0x5d94309e5a0090b165fa4181519701637b6daeba,,0 ETH,$0.00,0.00055278
0x703079fb4c9e0ef0f894c153d1f25958153fd684e735f1044b07e753872f74ae,Success,Prove And Process,16377672,2023-01-10 16:42:11,0x97ee4ed562c7ed22f4ff7dc3fc4a24b5f0b9627e,,0x5d94309e5a0090b165fa4181519701637b6daeba,,0 ETH,$0.00,0.01071346
0x6c9d449f0c659220afcad9fe34bcefb568e47419b4b2adaca4af6467b7e87279,Success,Update,16377495,2023-01-10 16:06:47,0xff3703e510f4ff4d8686f2f33f722d5c565d18f7,,0x5d94309e5a0090b165fa4181519701637b6daeba,,0 ETH,$0.00,0.00268991
0xdbc6a5aba816326ed5502d4e0871e07b01e6c13343b385dfd85e0b07fb06c916,Error in Main Txn : execution reverted,Process,16279589,2022-12-28 00:13:11,0xccd404b8e289a751f91b31cde6ee03754d4925d2,,0x5d94309e5a0090b165fa4181519701637b6daeba,,0 ETH,$0.00,0.00046336
0x806729d443d0b127ea07c3c9a28298336373643e08f3172ef3cb4869fd3cd19d,Error in Main Txn : out of gas,Transfer,16261448,2022-12-25 11:25:59,0xd20813c5aef25a62e5e5265eb7b5b07ea0f1466e,mibs.eth,0x5d94309e5a0090b165fa4181519701637b6daeba,,0.00001 ETH,$0.03,0.00024265
0x72736b7436e040bdd5bdeabe86fe6d5c6e4f491d1b7dce5a7bee29a9e6064289,Success,Prove And Process,16242159,2022-12-22 18:53:11,0xfbaefbaf0700f06bbe064acb4a0fe75dd6f48fa2,,0x5d94309e5a0090b165fa4181519701637b6daeba,,0 ETH,$0.00,0.00564213
0xf454770dadccd4c27d18462e4e9aecf83b242dabbb9ce093b5d614b2c61fae7d,Success,Prove And Process,16242123,2022-12-22 18:45:59,0x7b2ef190f80b198de5409a09705fdab3728b0916,,0x5d94309e5a0090b165fa4181519701637b6daeba,,0 ETH,$0.00,0.00627816
