2020	1640999225	0x83d898c6ea3a865a3f10838fb62f63e6624302d3c4aa008943797ac821907f0e	1	1640999265	0xf0c03bc9f3263dda08eaa4bf881f14b486d9d0aa9794d4b15c0c19453b0b4fd2	1029106	0xc99a6a985ed2cac1ef41640596c5a5f9f4e19ef5	0xc02aaa39b223fe8d0a0e5c4f27ead9083c756cc2	0xf16dac2b62e85e89750c4bdd19b81337522af622	0x32ced2d723e44dfbdea3362f4901cd95f9b9f191	393782564457443048
2020	1641022034	0x194502966e6c45a030850dad934ddd6dc4321b785046d14be05149806e74121a	1	1641022072	0xf96af4913701374702eef9c316f073252fb1d0bcc628035614fa603033923b59	1029212	0xc99a6a985ed2cac1ef41640596c5a5f9f4e19ef5	0xc02aaa39b223fe8d0a0e5c4f27ead9083c756cc2	0xa8da6b8948d011f063af3aa8b6beb417f75d1194	0xd32f25dfa932b8064a81b8254e7997caebc85f97	3000000000000000000
2020	1641032216	0x4bd7adeb84ccccaa2c0e1270d970c5274443246451452b122cbfcfc002766d9d	1	1641032255	0x8273e0acbd2ed7bae83677f6dc6f323e97f827b5ebf28b117ac48c96374187f0	1029252	0xc99a6a985ed2cac1ef41640596c5a5f9f4e19ef5	0xc02aaa39b223fe8d0a0e5c4f27ead9083c756cc2	0x5ae4a313b3f796758362fe7027fd5cf1bc62ae77	0xf5346219b76f642609d29363be1bf64e37f0f3a5	344120494575168621
2020	1641060314	0x831724f4d5d85efc1ef7404dab360cc5c8cc6ea772d49c1d0548a6df8a019f2f	1	1641060358	0xb02be43e232c66e2af56ca62ea55cbed36509b8b44743518894f507c2ca46b6d	1029430	0xc99a6a985ed2cac1ef41640596c5a5f9f4e19ef5	0xc02aaa39b223fe8d0a0e5c4f27ead9083c756cc2	0xdd2ad42607e569159a141d6d4bb94665660037e3	0x15add8ad657fdbf4f2b3874266bd889572aeb26b	1000000000000000000
2020	1641063023	0xcac1f44568545868d4a59f2a3ad9fd404c7e6e8ff571bc194df0e7fb63b2da68	1	1641063058	0xa87ed32406bcc359ae98ad58a6b853642b8881c0e88469cea0be2295385f28df	1029448	0x0b7007c13325c48911f73a2dad5fa5dcbf808adc	0xa0b86991c6218b36c1d19d4a2e9eb0ce3606eb48	0x224cb7fe465d7ad33cde139c59135d24da466710	0xb4e8827f2ec0cd86b26ee09f5e3f34d042098ab2	1301635523
2020	1641068042	0xdc7fe70279074cd0edc632b506b95b41669fa630e9a67ff32d11916d60211f57	1	1641068075	0xdb5658fb43c22be8fb598b4962ccc6fd3df6bbc30e65449cf024eabe93de921c	1029485	0xa8754b9fa15fc18bb59458815510e40a12cd2014	0xcc8fa225d80b9c7d42f96e9570156c65d6caaa25	0xea35b258e99646be31881c1b8f518ad4f2632863	0x943e771b93249ced39197af8ec37c60e18dff3d7	18975
2020	1641069422	0x6a180c8efd9d7971cee0c329fc96d961d411054fafc287e212764e58a5f6ab88	1	1641069460	0x71bb73b55ae41b893e6e69e7590b6ae6607e1c8e3403341e7a7a9d355eee66e8	1029494	0xc99a6a985ed2cac1ef41640596c5a5f9f4e19ef5	0xc02aaa39b223fe8d0a0e5c4f27ead9083c756cc2	0x8645759b58d2eb8c07c931123ba0c07d78f041c5	0x6f898381e6905c5edd0b1bea6391855e221cbfce	472622000000000000
2020	1641075907	0x4fcfccb990ce9fdc60ec13a6e011144a94ef9f9528fff97e133991d70c739cc8	1	1641075939	0x6b45677371d7e15419818a6a33a06a71337cf80624c63d93465f2510ebf51a8e	1029521	0xa8754b9fa15fc18bb59458815510e40a12cd2014	0xcc8fa225d80b9c7d42f96e9570156c65d6caaa25	0x7a5836f64672a94a3c573cb332479e87791b2c0f	0xed4942b41a7b2de8f93060e186637159c14a1343	36146
2020	1641083120	0xb5ade04041670b99cc0dd4eb530939b8197eacfd628b9bd3c7d018467bdaa26c	1	1641083157	0x36795bd9735c9482ecd0f84d0bd39e8fb0a515e214f1a30f748aa5f6bc99326e	1029549	0xc99a6a985ed2cac1ef41640596c5a5f9f4e19ef5	0xc02aaa39b223fe8d0a0e5c4f27ead9083c756cc2	0x6c00cdf6d83077d3ce762ae6c231ec87218e6e6d	0x57956dd70ba8893320a6fe2ece25b0f1b729380b	450000000000000000
2020	1641093087	0x14828682ab970719b9d99d28aaaf2c59bad5dcba6dd279a86f5d88fa43f7a963	1	1641093128	0xfa7d19f6c3265584b58f9c0d36370fdd72788bf6bc2e833ba02e05d9f363dc67	1029597	0xc99a6a985ed2cac1ef41640596c5a5f9f4e19ef5	0xc02aaa39b223fe8d0a0e5c4f27ead9083c756cc2	0xa8f50b4bdf5fab6e95d8cf96e5f5bae59ce335b8	0x07689c7609d09657ac7fa3b15683915bfe748f63	290000000000000000
2020	1641096090	0x079818263b379bb3a21ceb504e3b9e4e23010f9d79ecf050f98ffebc5b8220fb	1	1641096132	0x34c50cdeae404e51a971f7e1ea2ff62b24a1bcebea15dce4789d282127131ede	1029613	0xc99a6a985ed2cac1ef41640596c5a5f9f4e19ef5	0xc02aaa39b223fe8d0a0e5c4f27ead9083c756cc2	0xd989684d0789ce596c1dbb26ae3514aa5ef94917	0x95dc3945a7ca76723304bb8f34b106c5776bf238	65470481144156653
2020	1641101425	0x68d48786549d3d0ddee43de66cfce8e88bc050582ee32a99a7bc17a1c3a53421	1	1641101454	0x649418e026dc5aa56b112dc3d870fa2ba9581704f3d84c1157aa043141bfaf1e	1029638	0xc99a6a985ed2cac1ef41640596c5a5f9f4e19ef5	0xc02aaa39b223fe8d0a0e5c4f27ead9083c756cc2	0xf1fec4a88cc342aa6376b2a791f96a78b44b7e78	0x53102d489d17b09f9e758742d5d1f67e120f10c2	19969959414547397905
2020	1641103385	0x68234ae927a520bd5c45a96f45fcbbbee2b81dafce0d7e1a38877629f8209387	1	1641103396	0x19672f1f691498661707c97d31ce7ec73f7662777ee650764747dff3859be940	1029653	0xc99a6a985ed2cac1ef41640596c5a5f9f4e19ef5	0xc02aaa39b223fe8d0a0e5c4f27ead9083c756cc2	0xf1fec4a88cc342aa6376b2a791f96a78b44b7e78	0x53102d489d17b09f9e758742d5d1f67e120f10c2	14984526837360921404
2020	1641112242	0xd72527aeb009687aa5e794980defb93e9b1b6c8213344b8645cc2e71aab68188	1	1641112284	0x291561cb5cd7868e3d705661c3e0610b2b44fc6acd0f43479093965b0c4ca94d	1029700	0xa8754b9fa15fc18bb59458815510e40a12cd2014	0xcc8fa225d80b9c7d42f96e9570156c65d6caaa25	0x2d7039fa77c2a00e4d022952e84f834f8da99c9c	0x07f9774c1ce87bb7d7240ebfbee6e6ed63b4964b	31557
2020	1641114747	0xa72b8c7616963557fc6ae32b94e56113ebe7bba580c29422ed851a3ebebe234e	1	1641114785	0xac702b5e18237eede3d4bd851a0af88a31ef950e917265562378f9480cb1a3bc	1029711	0x97a9107c1793bc407d6f527b77e7fff4d812bece	0xbb0e17ef65f82ab018d8edd776e8dd940327b28b	0xa8bdfe723680f667a2b4c9ba10d98cce1d013121	0x6f15aa54a9370fb5a64291499b77650d5f3882fc	2000000000000000000
2020	1641128216	0x4e137bea6c313b32dacfc68568211228653dd2ca743aef694ee2865307ea70ff	1	1641128258	0x9ea99acdfce8cd79d15130eaeacbdf1f618d3cf88058e1def9d8d23d40aa6762	1029783	0xc99a6a985ed2cac1ef41640596c5a5f9f4e19ef5	0xc02aaa39b223fe8d0a0e5c4f27ead9083c756cc2	0xfdf68b61b12b8ee0c20a882f5dc5704a9576d62d	0x635cca3d9462e82c1de7f5149a8147ad71a25e93	950444898550407406
2020	1641132906	0x1cd1981c7c46ceb2106bf7ba37050300aadb4de7b158ec59612b04baefc079f1	1	1641132934	0x23a2d1c4361f39043827c03c83f55413f5c621d6a75269772ea21f53e62793cb	1029808	0xc99a6a985ed2cac1ef41640596c5a5f9f4e19ef5	0xc02aaa39b223fe8d0a0e5c4f27ead9083c756cc2	0x2405e5e6f48b27422972b9449b625469a5c3adc4	0x5c2f72d1ad0ab5bedc1b44c964447a2a6929f6c3	1157665232028215803
2020	1641138927	0x384550dc25e51e20a0d1f5cbb181008fdaa639e64e910f2e34ff9a86d67b7d7e	1	1641138966	0xb8915505bcddcc7227eada02825814fb141da92c90384f54c965523686899b23	1029856	0xc99a6a985ed2cac1ef41640596c5a5f9f4e19ef5	0xc02aaa39b223fe8d0a0e5c4f27ead9083c756cc2	0x9d1ace5b477716a679b4a78e024e1c6ba319dd5f	0xd2ad484340443cde613fa997fc3fbb61d624d043	101586525593866134
2020	1641168269	0xf6ceaccef0cca362fdf1a54809f6e58e5a51084b69c6f745f5c5def54a582af2	1	1641168307	0x634ddbcc6f4ef5e3eb1ec6ce4da1de9bb27234d6c89dc071f9aa39797c67319a	1030060	0x97a9107c1793bc407d6f527b77e7fff4d812bece	0xbb0e17ef65f82ab018d8edd776e8dd940327b28b	0xc67cdf560108b56dc018844ef33779f8357ecec8	0x2d8719cf0fe19782140ae16eec03938a96f5228b	54549672200109166365
2020	1641172809	0x14b95e54f31a5cce56695d366e0f187289db958168155fd1451d7f454e041d02	1	1641172850	0xc23b99b1fafcd63482328eaea203142dedbf5778389e323aef6719bec12821fb	1030088	0xc99a6a985ed2cac1ef41640596c5a5f9f4e19ef5	0xc02aaa39b223fe8d0a0e5c4f27ead9083c756cc2	0xa35b9a9318b9c6fb83d3d858524cbb9a6b666eed	0xed4855e0636265487d32257a790dc68378add575	112458836466533470
2020	1641181796	0xb792c787ec5c70d78bda6b9fb5639fcb2f9a10d7d7dbedb871da3dc3dd09e03c	1	1641181838	0x992146d2d6f136c5a2f53e3270d9b46d7d34374dbc1b7ced3b5b3392151277c1	1030138	0xc99a6a985ed2cac1ef41640596c5a5f9f4e19ef5	0xc02aaa39b223fe8d0a0e5c4f27ead9083c756cc2	0x7a5836f64672a94a3c573cb332479e87791b2c0f	0xed4942b41a7b2de8f93060e186637159c14a1343	417647361198553292
2020	1641186170	0xa33ae2e48d81ed0b6edf5ec962cd44c2f7251c732b7e35ee2aa9bbe80e705dd8	1	1641186214	0x8c6fc535b4f1cd9aea6b79a206f3481946d9a395fe3e81a8411ead54c524d322	1030164	0x97a9107c1793bc407d6f527b77e7fff4d812bece	0xbb0e17ef65f82ab018d8edd776e8dd940327b28b	0xb9b64ddc4d8e51c279d43ce59856eb479be4bb51	0xe78b6b110ae088c8e087cd2d04f310f7526c7b23	31310123459792262258
