timestamp,price,date
1722360000000,1.000035725,2024-07-30
1722270000000,1.000001569,2024-07-29
1722180000000,0.999964499,2024-07-28
1722100000000,0.999906379,2024-07-27
1722010000000,1.000054837,2024-07-26
1721920000000,1.00017927,2024-07-25
1721840000000,1.000013824,2024-07-24
1721750000000,0.999865522,2024-07-23
1721660000000,0.999951557,2024-07-22
1721580000000,1.000027882,2024-07-21
1721490000000,1.00002529,2024-07-20
1721400000000,1.000051959,2024-07-19
1721320000000,0.99999605,2024-07-18
1721230000000,0.999939019,2024-07-17
1721150000000,1.000084599,2024-07-16
1721060000000,1.000140849,2024-07-15
1720970000000,1.000065427,2024-07-14
1720890000000,0.999944009,2024-07-13
1720800000000,1.00011544,2024-07-12
1720710000000,0.999997189,2024-07-11
1720630000000,0.999994118,2024-07-10
1720540000000,0.999938941,2024-07-09
1720450000000,0.999972474,2024-07-08
1720370000000,0.99992348,2024-07-07
1720280000000,0.999901734,2024-07-06
1720200000000,0.999936402,2024-07-05
1720110000000,1.000007661,2024-07-04
1720020000000,0.999926138,2024-07-03
1719940000000,0.999903541,2024-07-02
1719850000000,0.999880497,2024-07-01
1719760000000,0.999945041,2024-06-30
1719680000000,0.999932905,2024-06-29
1719590000000,0.999815547,2024-06-28
1719500000000,1.000036785,2024-06-27
1719420000000,0.99980703,2024-06-26
1719330000000,0.999822849,2024-06-25
1719240000000,1.000017101,2024-06-24
1719160000000,1.000051524,2024-06-23
1719070000000,0.999948213,2024-06-22
1718990000000,1.000001781,2024-06-21
1718900000000,1.000033929,2024-06-20
1718810000000,1.000048086,2024-06-19
1718730000000,1.00010044,2024-06-18
1718640000000,1.000028912,2024-06-17
1718550000000,1.000058985,2024-06-16
1718470000000,0.999970004,2024-06-15
1718380000000,1.000082007,2024-06-14
1718290000000,0.999926464,2024-06-13
1718210000000,0.999984129,2024-06-12
1718120000000,0.999973708,2024-06-11
1718040000000,1.000081999,2024-06-10
1717950000000,0.999934964,2024-06-09
1717860000000,0.999951882,2024-06-08
1717780000000,1.000015561,2024-06-07
1717690000000,1.000092559,2024-06-06
1717600000000,0.999824049,2024-06-05
1717520000000,1.000032328,2024-06-04
1717430000000,1.00011607,2024-06-03
1717340000000,0.999963881,2024-06-02
1717260000000,0.999908758,2024-06-01
1717170000000,1.000030691,2024-05-31
1717080000000,1.000089537,2024-05-30
1717000000000,0.999991115,2024-05-29
1716910000000,1.000047651,2024-05-28
1716830000000,0.999997518,2024-05-27
1716740000000,1.000032612,2024-05-26
1716650000000,0.999953305,2024-05-25
1716570000000,0.999914208,2024-05-24
1716480000000,1.00007983,2024-05-23
1716390000000,1.000082268,2024-05-22
1716310000000,0.999861319,2024-05-21
1716220000000,1.000038813,2024-05-20
1716130000000,0.999902521,2024-05-19
1716050000000,0.999952749,2024-05-18
1715960000000,1.000082279,2024-05-17
1715880000000,1.0000178,2024-05-16
1715790000000,0.999971286,2024-05-15
1715700000000,1.000127551,2024-05-14
1715620000000,1.000104226,2024-05-13
1715530000000,1.000022721,2024-05-12
1715440000000,1.000026782,2024-05-11
1715360000000,0.999964985,2024-05-10
1715270000000,1.000102219,2024-05-09
1715180000000,1.000067552,2024-05-08
1715100000000,0.999910688,2024-05-07
1715010000000,0.999849945,2024-05-06
1714920000000,1.000017901,2024-05-05
1714840000000,1.000225724,2024-05-04
1714750000000,1.000092316,2024-05-03
1714670000000,1.00017113,2024-05-02
1714580000000,1.0001017,2024-05-01
1714490000000,0.999966326,2024-04-30
1714410000000,0.999935737,2024-04-29
1714320000000,1.000010623,2024-04-28
1714230000000,1.000063717,2024-04-27
1714150000000,1.000033832,2024-04-26
1714060000000,1.00007618,2024-04-25
1713970000000,1.000001078,2024-04-24
1713890000000,1.000452201,2024-04-23
1713800000000,0.999998024,2024-04-22
1713720000000,1.000050379,2024-04-21
1713630000000,1.000006545,2024-04-20
1713540000000,1.000059448,2024-04-19
1713460000000,1.000090191,2024-04-18
1713370000000,1.000162226,2024-04-17
1713280000000,1.000003364,2024-04-16
1713200000000,1.000000696,2024-04-15
1713110000000,1.000155733,2024-04-14
1713020000000,1.000290645,2024-04-13
1712940000000,0.999940152,2024-04-12
1712850000000,0.999961518,2024-04-11
1712760000000,1.000313624,2024-04-10
1712680000000,1.000163816,2024-04-09
1712590000000,0.999992556,2024-04-08
1712510000000,1.000210499,2024-04-07
1712420000000,0.999921414,2024-04-06
1712330000000,1.000055597,2024-04-05
1712250000000,0.999855418,2024-04-04
1712160000000,1.000040359,2024-04-03
1712070000000,0.999998107,2024-04-02
1711990000000,0.999995935,2024-04-01
1711900000000,1.000047628,2024-03-31
1711810000000,0.999998453,2024-03-30
1711730000000,0.999957929,2024-03-29
1711640000000,0.99988026,2024-03-28
1711560000000,1.000027095,2024-03-27
1711470000000,1.000078126,2024-03-26
1711380000000,1.000057309,2024-03-25
1711300000000,0.999915256,2024-03-24
1711210000000,1.000148333,2024-03-23
1711120000000,1.000198202,2024-03-22
1711040000000,1.000050148,2024-03-21
1710950000000,1.000107683,2024-03-20
1710860000000,1.00017526,2024-03-19
1710780000000,1.00009877,2024-03-18
1710690000000,0.999905672,2024-03-17
1710600000000,1.000153742,2024-03-16
1710520000000,1.000115863,2024-03-15
1710430000000,1.000036515,2024-03-14
1710350000000,0.999931889,2024-03-13
1710260000000,0.99976913,2024-03-12
1710170000000,0.999954433,2024-03-11
1710090000000,0.99995669,2024-03-10
1710000000000,0.999995056,2024-03-09
1709910000000,1.000039209,2024-03-08
1709830000000,0.999897335,2024-03-07
1709740000000,0.99970772,2024-03-06
1709650000000,0.999800611,2024-03-05
1709570000000,0.99999796,2024-03-04
1709480000000,0.999935207,2024-03-03
1709400000000,0.999890019,2024-03-02
1709310000000,0.999794544,2024-03-01
1709220000000,0.99994198,2024-02-29
1709140000000,0.999753781,2024-02-28
1709050000000,0.999952063,2024-02-27
1708960000000,0.999920605,2024-02-26
1708880000000,0.999949608,2024-02-25
1708790000000,0.999874973,2024-02-24
1708700000000,1.0001236,2024-02-23
1708620000000,1.000018901,2024-02-22
1708530000000,1.000021191,2024-02-21
1708440000000,1.000031499,2024-02-20
1708360000000,0.999930802,2024-02-19
1708270000000,0.999876217,2024-02-18
1708190000000,1.000052063,2024-02-17
1708100000000,1.000064707,2024-02-16
1708010000000,1.000008901,2024-02-15
1707930000000,0.999964436,2024-02-14
1707840000000,1.000032017,2024-02-13
1707750000000,1.00009628,2024-02-12
1707670000000,0.999972938,2024-02-11
1707580000000,0.999942425,2024-02-10
1707490000000,1.000013956,2024-02-09
1707410000000,0.99992537,2024-02-08
1707320000000,1.000048423,2024-02-07
1707240000000,1.000092578,2024-02-06
1707150000000,1.00022062,2024-02-05
1707060000000,1.000056653,2024-02-04
1706980000000,1.00012717,2024-02-03
1706890000000,1.000145393,2024-02-02
1706800000000,1.000142471,2024-02-01
1706720000000,1.000343665,2024-01-31
1706630000000,1.000173667,2024-01-30
1706540000000,1.000056284,2024-01-29
1706460000000,1.000175635,2024-01-28
1706370000000,1.000122511,2024-01-27
1706280000000,1.00008783,2024-01-26
1706200000000,1.000143755,2024-01-25
1706110000000,1.000285363,2024-01-24
1706030000000,1.000179292,2024-01-23
1705940000000,1.00008686,2024-01-22
1705850000000,1.000019991,2024-01-21
1705770000000,1.000019329,2024-01-20
1705680000000,1.000050096,2024-01-19
1705590000000,1.000191031,2024-01-18
1705510000000,1.000217121,2024-01-17
1705420000000,1.000163677,2024-01-16
1705330000000,1.000205924,2024-01-15
1705250000000,1.000522138,2024-01-14
1705160000000,1.000191392,2024-01-13
1705080000000,1.00014979,2024-01-12
1704990000000,1.00029516,2024-01-11
1704900000000,1.000237005,2024-01-10
1704820000000,0.999814904,2024-01-09
1704730000000,0.999992129,2024-01-08
1704640000000,0.999854819,2024-01-07
1704560000000,0.999980023,2024-01-06
1704470000000,1.000112626,2024-01-05
1704380000000,1.000051316,2024-01-04
1704300000000,0.999979338,2024-01-03
1704210000000,1.000182352,2024-01-02
1704120000000,1.000162945,2024-01-01
1704040000000,1.000130951,2023-12-31
1703950000000,1.000069646,2023-12-30
1703870000000,1.000330195,2023-12-29
1703780000000,1.000342576,2023-12-28
1703690000000,1.000750912,2023-12-27
1703610000000,0.999960859,2023-12-26
1703520000000,1.000357219,2023-12-25
1703430000000,1.000397255,2023-12-24
1703350000000,1.000308815,2023-12-23
1703260000000,1.000248159,2023-12-22
1703170000000,1.000204845,2023-12-21
1703090000000,0.999982262,2023-12-20
1703000000000,1.000026581,2023-12-19
1702920000000,1.000257131,2023-12-18
1702830000000,1.000030693,2023-12-17
1702740000000,1.000545615,2023-12-16
1702660000000,0.999972958,2023-12-15
1702570000000,1.000169929,2023-12-14
1702480000000,0.999977138,2023-12-13
1702400000000,1.000002846,2023-12-12
1702310000000,1.000304747,2023-12-11
1702220000000,1.000080035,2023-12-10
1702140000000,1.000028408,2023-12-09
1702050000000,1.000194659,2023-12-08
1701270000000,1.000006442,2023-11-29
1701190000000,1.000040348,2023-11-28
1701100000000,0.999913718,2023-11-27
1701010000000,0.999998765,2023-11-26
1700930000000,0.999867765,2023-11-25
1700840000000,0.999887235,2023-11-24
1700760000000,0.999631879,2023-11-23
1700670000000,0.999956426,2023-11-22
1700580000000,0.999982395,2023-11-21
1700500000000,1.000045897,2023-11-20
1700410000000,0.999968875,2023-11-19
1700320000000,0.999976394,2023-11-18
1700240000000,1.000073336,2023-11-17
1700150000000,1.000190558,2023-11-16
1700060000000,0.999951682,2023-11-15
1699980000000,1.000029862,2023-11-14
1699890000000,1.000025205,2023-11-13
1699110000000,0.999996846,2023-11-04
1699030000000,1.000175249,2023-11-03
1698770000000,1.000233105,2023-10-31
1698680000000,0.999940183,2023-10-30
1698600000000,1.000167827,2023-10-29
1698510000000,1.000022051,2023-10-28
1698420000000,1.000056055,2023-10-27
1698340000000,0.999999795,2023-10-26
1698250000000,1.000019028,2023-10-25
1698160000000,1.000196365,2023-10-24
1698080000000,0.99999439,2023-10-23
1697990000000,1.000088897,2023-10-22
1697900000000,0.999918403,2023-10-21
1697820000000,0.99994932,2023-10-20
1697730000000,1.000064104,2023-10-19
1697640000000,0.999988397,2023-10-18
1697560000000,1.0000388,2023-10-17
1697470000000,1.000023694,2023-10-16
1697390000000,1.000207426,2023-10-15
1697300000000,1.000314111,2023-10-14
1697210000000,1.000112874,2023-10-13
1697130000000,1.000238922,2023-10-12
1697040000000,1.000108406,2023-10-11
1696950000000,0.999970092,2023-10-10
1696870000000,0.999976252,2023-10-09
1696780000000,0.999902153,2023-10-08
1696690000000,0.999968993,2023-10-07
1696610000000,0.999960468,2023-10-06
1696520000000,0.999991151,2023-10-05
1696440000000,0.999949347,2023-10-04
1696350000000,1.000393153,2023-10-03
1696260000000,1.000094976,2023-10-02
1696180000000,1.000030283,2023-10-01
1696090000000,1.000089851,2023-09-30
1696000000000,1.000105575,2023-09-29
1695920000000,1.000094514,2023-09-28
1695830000000,1.0000638,2023-09-27
1695740000000,1.000156185,2023-09-26
1695660000000,1.000078962,2023-09-25
1695570000000,1.000052772,2023-09-24
1695480000000,1.000086536,2023-09-23
1695310000000,1.000089064,2023-09-21
1694880000000,1.000083391,2023-09-16
1694790000000,1.000167736,2023-09-15
1694710000000,1.00034174,2023-09-14
1694620000000,1.000163394,2023-09-13
1694530000000,1.000165091,2023-09-12
1694450000000,1.000205785,2023-09-11
1694360000000,1.000047145,2023-09-10
1694280000000,0.999946775,2023-09-09
1694190000000,1.000129665,2023-09-08
1694100000000,1.000097428,2023-09-07
1694020000000,1.00042693,2023-09-06
1693930000000,1.000139648,2023-09-05
1693840000000,1.000030077,2023-09-04
1693760000000,1.000099702,2023-09-03
1693670000000,1.000130172,2023-09-02
1693580000000,1.000170353,2023-09-01
1693500000000,1.000195985,2023-08-31
1693410000000,1.000107807,2023-08-30
1693320000000,1.000154733,2023-08-29
1693240000000,1.000056326,2023-08-28
1693150000000,0.999922872,2023-08-27
1693070000000,1.000005716,2023-08-26
1692980000000,1.000010026,2023-08-25
1692890000000,1.000090284,2023-08-24
1692810000000,0.999915117,2023-08-23
1692720000000,1.000170009,2023-08-22
1692630000000,0.999991303,2023-08-21
1692550000000,1.000001936,2023-08-20
1692460000000,1.000102198,2023-08-19
1692370000000,1.000188532,2023-08-18
1692290000000,1.000127956,2023-08-17
1692200000000,1.000436711,2023-08-16
1692120000000,1.000037213,2023-08-15
1692030000000,1.000069015,2023-08-14
1691940000000,1.000120843,2023-08-13
1691860000000,1.000028053,2023-08-12
1691770000000,1.000034228,2023-08-11
1691680000000,1.000082122,2023-08-10
1691600000000,1.0001701,2023-08-09
1691510000000,1.000189126,2023-08-08
1691420000000,1.00008032,2023-08-07
1691340000000,0.999974474,2023-08-06
1691250000000,0.99981707,2023-08-05
1691160000000,0.999877264,2023-08-04
1691080000000,0.999989225,2023-08-03
1690990000000,1.000242975,2023-08-02
1690910000000,0.999890756,2023-08-01
1690820000000,1.000072012,2023-07-31
1690730000000,1.000009709,2023-07-30
1690650000000,1.000022021,2023-07-29
1690560000000,1.000057904,2023-07-28
1690470000000,1.000165583,2023-07-27
1690390000000,0.999805867,2023-07-26
1690300000000,1.000134532,2023-07-25
1690210000000,0.999969771,2023-07-24
1690130000000,1.000035767,2023-07-23
1690040000000,0.999876632,2023-07-22
1689960000000,0.99980798,2023-07-21
1689870000000,1.000140112,2023-07-20
1689780000000,0.999993904,2023-07-19
1689700000000,1.000041395,2023-07-18
1689610000000,0.999972179,2023-07-17
1689520000000,0.999935099,2023-07-16
1689440000000,1.000168972,2023-07-15
1689350000000,1.000057418,2023-07-14
1689260000000,1.000195606,2023-07-13
1689180000000,0.999905599,2023-07-12
1689090000000,0.999971549,2023-07-11
1689000000000,0.999970563,2023-07-10
1688920000000,0.999966857,2023-07-09
1688830000000,1.000112026,2023-07-08
1688750000000,1.000029363,2023-07-07
1688660000000,0.999941096,2023-07-06
1688570000000,1.000069954,2023-07-05
1688490000000,1.000101454,2023-07-04
1688400000000,1.00016499,2023-07-03
1688310000000,0.999980028,2023-07-02
1688230000000,1.000134644,2023-07-01
1688140000000,1.00013438,2023-06-30
1688050000000,1.000253123,2023-06-29
1687970000000,0.999962423,2023-06-28
1687880000000,1.000048058,2023-06-27
1687800000000,0.999999767,2023-06-26
1687710000000,1.000025363,2023-06-25
1687620000000,1.000137418,2023-06-24
1687540000000,0.999931677,2023-06-23
1687450000000,0.999990557,2023-06-22
1687360000000,0.999967688,2023-06-21
1687280000000,1.000078002,2023-06-20
1687190000000,1.000302085,2023-06-19
1687100000000,1.000170338,2023-06-18
1687020000000,1.000017712,2023-06-17
1686930000000,1.000069365,2023-06-16
1686840000000,1.000120307,2023-06-15
1686760000000,1.000084891,2023-06-14
1686670000000,1.000052297,2023-06-13
1686590000000,0.999980718,2023-06-12
1686500000000,1.000215611,2023-06-11
1686410000000,0.999933981,2023-06-10
1686330000000,0.999884076,2023-06-09
1686240000000,0.999949357,2023-06-08
1686150000000,1.0000974,2023-06-07
1686070000000,0.999901954,2023-06-06
1685980000000,0.999851233,2023-06-05
1685890000000,0.999912976,2023-06-04
1685810000000,0.999796437,2023-06-03
1685720000000,0.999903279,2023-06-02
1685640000000,1.000061549,2023-06-01
1685550000000,1.000055118,2023-05-31
1685460000000,1.00017931,2023-05-30
1685380000000,0.999843656,2023-05-29
1685290000000,0.999862365,2023-05-28
1685200000000,0.999998215,2023-05-27
1685120000000,1.000033676,2023-05-26
1685030000000,0.99993363,2023-05-25
1684940000000,0.999997919,2023-05-24
1684860000000,1.000135535,2023-05-23
1684770000000,0.999961781,2023-05-22
1684680000000,0.999955304,2023-05-21
1684600000000,0.999889055,2023-05-20
1684510000000,1.000076412,2023-05-19
1684430000000,0.999964772,2023-05-18
1684340000000,0.999988242,2023-05-17
1684250000000,1.000003308,2023-05-16
1684170000000,0.999947967,2023-05-15
1684080000000,1.000021296,2023-05-14
1683990000000,1.000096834,2023-05-13
1683910000000,1.000028352,2023-05-12
1683820000000,1.000058694,2023-05-11
1683730000000,1.000173606,2023-05-10
1683650000000,1.000030896,2023-05-09
1683560000000,1.000222707,2023-05-08
1683480000000,1.000049063,2023-05-07
1683390000000,1.000145366,2023-05-06
1683300000000,1.000052152,2023-05-05
1683220000000,1.000013993,2023-05-04
1683130000000,1.000062177,2023-05-03
1683040000000,1.000021314,2023-05-02
1682960000000,0.999933425,2023-05-01
1682870000000,1.000100117,2023-04-30
1682780000000,0.999996174,2023-04-29
1682700000000,0.999983247,2023-04-28
1682610000000,0.999895095,2023-04-27
1682520000000,0.99968229,2023-04-26
1682440000000,0.999883602,2023-04-25
1682350000000,1.000000386,2023-04-24
1682270000000,1.000041977,2023-04-23
1682180000000,0.999894034,2023-04-22
1682090000000,1.000106796,2023-04-21
1682010000000,1.000336752,2023-04-20
1681920000000,1.000164145,2023-04-19
1681830000000,1.000050592,2023-04-18
1681750000000,1.000030657,2023-04-17
1681660000000,0.99986507,2023-04-16
1681570000000,0.999704656,2023-04-15
1681490000000,0.999874808,2023-04-14
1681400000000,0.99996146,2023-04-13
1681320000000,0.999898998,2023-04-12
1681230000000,0.999853369,2023-04-11
1681140000000,1.000011976,2023-04-10
1681060000000,0.999716714,2023-04-09
1680970000000,0.999745187,2023-04-08
1680880000000,0.999818667,2023-04-07
1680800000000,1.000055179,2023-04-06
1680710000000,0.999996461,2023-04-05
1680620000000,0.999766017,2023-04-04
1680540000000,0.999817333,2023-04-03
1680450000000,0.999855899,2023-04-02
1680360000000,0.999742415,2023-04-01
1680280000000,0.999785829,2023-03-31
1680190000000,0.999783749,2023-03-30
1680110000000,1.000008654,2023-03-29
1680020000000,0.999810781,2023-03-28
1679930000000,0.999884313,2023-03-27
1679850000000,0.999683843,2023-03-26
1679760000000,0.999884659,2023-03-25
1679670000000,0.999735847,2023-03-24
1679590000000,0.999862198,2023-03-23
1679500000000,0.999037282,2023-03-22
1679410000000,0.999124119,2023-03-21
1679330000000,0.998525846,2023-03-20
1679240000000,0.997980387,2023-03-19
1679160000000,0.999844909,2023-03-18
1679070000000,0.99950194,2023-03-17
1678980000000,1.000044628,2023-03-16
1678900000000,0.999961219,2023-03-15
1678810000000,1.0001844,2023-03-14
1678720000000,0.999178565,2023-03-13
1678640000000,0.998946756,2023-03-12
1678550000000,0.992069173,2023-03-11
1678460000000,0.9715,2023-03-10
1678380000000,0.999478547,2023-03-09
1678290000000,1.000007703,2023-03-08
1678200000000,0.999869355,2023-03-07
1678120000000,1.000081216,2023-03-06
1678030000000,0.999953214,2023-03-05
1677950000000,1.000009975,2023-03-04
1677860000000,1.000047788,2023-03-03
1677770000000,1.000000178,2023-03-02
1677690000000,1.000294765,2023-03-01
1677600000000,1.000145956,2023-02-28
1677510000000,0.999875847,2023-02-27
1677430000000,1.00007457,2023-02-26
1677340000000,1.000135749,2023-02-25
1677250000000,1.000286501,2023-02-24
1677170000000,1.000044816,2023-02-23
1677080000000,1.000083199,2023-02-22
1677000000000,1.000145385,2023-02-21
1676910000000,1.00006401,2023-02-20
1676820000000,1.000143013,2023-02-19
1676740000000,0.999896676,2023-02-18
1676650000000,0.999887273,2023-02-17
1676560000000,0.999934678,2023-02-16
1676480000000,0.999857902,2023-02-15
1676390000000,1.000071057,2023-02-14
1676300000000,1.000056505,2023-02-13
1676220000000,1.000094732,2023-02-12
1676130000000,1.000065711,2023-02-11
1676040000000,0.999976578,2023-02-10
1675960000000,1.000031499,2023-02-09
1675870000000,1.000122416,2023-02-08
1675790000000,1.000012093,2023-02-07
1675700000000,0.999993307,2023-02-06
1675610000000,0.99992849,2023-02-05
1675530000000,0.999954354,2023-02-04
1675440000000,0.999920502,2023-02-03
1675350000000,1.00003531,2023-02-02
1675270000000,0.999774837,2023-02-01
1675180000000,1.000149723,2023-01-31
1675090000000,1.000058066,2023-01-30
1675010000000,1.000100966,2023-01-29
1674920000000,1.000001033,2023-01-28
1674840000000,1.000129787,2023-01-27
1674750000000,1.000026584,2023-01-26
1674660000000,0.999960186,2023-01-25
1674580000000,1.000062399,2023-01-24
1674490000000,0.999958185,2023-01-23
1674400000000,0.999858039,2023-01-22
1674320000000,0.999976225,2023-01-21
1674230000000,0.999840476,2023-01-20
1674140000000,1.000265404,2023-01-19
1674060000000,1.000024066,2023-01-18
1673970000000,0.999844796,2023-01-17
1673880000000,0.999810127,2023-01-16
1673800000000,0.999961636,2023-01-15
1673710000000,0.999926205,2023-01-14
1673630000000,1.000083794,2023-01-13
1673540000000,1.000246755,2023-01-12
1673450000000,1.00007215,2023-01-11
1673370000000,1.000131568,2023-01-10
1673280000000,0.999987467,2023-01-09
1673190000000,1.000046101,2023-01-08
1673110000000,1.000196116,2023-01-07
1673020000000,0.999981909,2023-01-06
1672930000000,1.000012736,2023-01-05
1672850000000,1.000020564,2023-01-04
1672760000000,1.000003598,2023-01-03
1672680000000,1.000098109,2023-01-02
1672590000000,0.999988699,2023-01-01
1672500000000,0.999993273,2022-12-31
1672420000000,1.0000286,2022-12-30
1672330000000,1.000120887,2022-12-29
1672240000000,1.000138438,2022-12-28
1672160000000,1.000185192,2022-12-27
1672070000000,1.000168771,2022-12-26
1671980000000,1.000102786,2022-12-25
1671900000000,1.000082312,2022-12-24
1671810000000,1.00004618,2022-12-23
1671720000000,1.000034174,2022-12-22
1671640000000,1.000110352,2022-12-21
1671550000000,1.000095684,2022-12-20
1671470000000,0.999991115,2022-12-19
1671380000000,1.000191168,2022-12-18
1671290000000,0.999761475,2022-12-17
1671210000000,1.000019998,2022-12-16
1671120000000,0.999901357,2022-12-15
1671030000000,1.000015492,2022-12-14
1670950000000,0.999785238,2022-12-13
1670860000000,1.000134065,2022-12-12
1670770000000,1.000095826,2022-12-11
1670690000000,0.999995765,2022-12-10
1670600000000,1.000072282,2022-12-09
1670520000000,1.000042508,2022-12-08
1670430000000,1.00002863,2022-12-07
1670340000000,1.000027366,2022-12-06
1670260000000,1.000090328,2022-12-05
1670170000000,1.000020745,2022-12-04
1670080000000,1.00001581,2022-12-03
1670000000000,0.999962394,2022-12-02
1669910000000,1.00005074,2022-12-01
1669820000000,1.000002777,2022-11-30
1669740000000,1.000008383,2022-11-29
1669650000000,1.000075651,2022-11-28
1669560000000,1.000201234,2022-11-27
1669480000000,1.000140981,2022-11-26
1669390000000,1.000150944,2022-11-25
1669310000000,1.000056996,2022-11-24
1669220000000,1.000214821,2022-11-23
1669130000000,1.000327283,2022-11-22
1669050000000,1.000418937,2022-11-21
1668960000000,1.000330122,2022-11-20
1668870000000,1.000213838,2022-11-19
1668790000000,1.000156334,2022-11-18
1668700000000,1.000247518,2022-11-17
1668610000000,1.000162102,2022-11-16
1668530000000,1.000185633,2022-11-15
1668440000000,1.000344898,2022-11-14
1668360000000,1.000586417,2022-11-13
1668270000000,1.00013634,2022-11-12
1668180000000,1.000223504,2022-11-11
1668100000000,1.000734289,2022-11-10
1668010000000,1.00069176,2022-11-09
1667920000000,1.000342102,2022-11-08
1667840000000,0.999981754,2022-11-07
1667750000000,1.000323349,2022-11-06
1667660000000,0.999869271,2022-11-05
1667580000000,0.999903865,2022-11-04
1667490000000,1.000036122,2022-11-03
1667400000000,1.000064832,2022-11-02
1667320000000,1.000096501,2022-11-01
1667230000000,1.000044479,2022-10-31
1667150000000,0.999996405,2022-10-30
1667060000000,1.000114904,2022-10-29
1666970000000,1.000079259,2022-10-28
1666890000000,0.999922683,2022-10-27
1666800000000,0.999969473,2022-10-26
1666710000000,1.000027437,2022-10-25
1666630000000,0.99996561,2022-10-24
1666540000000,0.999980426,2022-10-23
1666450000000,1.000029691,2022-10-22
1666370000000,1.000028814,2022-10-21
1666280000000,1.000014042,2022-10-20
1666200000000,0.999999622,2022-10-19
1666110000000,1.000055418,2022-10-18
1666020000000,0.99999785,2022-10-17
1665940000000,0.999984681,2022-10-16
1665850000000,0.999953224,2022-10-15
1665760000000,0.99992954,2022-10-14
1665680000000,0.999994515,2022-10-13
1665590000000,1.000015601,2022-10-12
1665500000000,0.999961759,2022-10-11
1665420000000,1.000024981,2022-10-10
1665330000000,0.999941187,2022-10-09
1665240000000,0.999993103,2022-10-08
1665160000000,1.000147178,2022-10-07
1665070000000,1.000021521,2022-10-06
1664990000000,0.999968717,2022-10-05
1664900000000,0.999937571,2022-10-04
1664810000000,0.999931779,2022-10-03
1664730000000,0.999927119,2022-10-02
1664640000000,0.999990719,2022-10-01
1664550000000,0.999983835,2022-09-30
1664470000000,1.000066358,2022-09-29
1664380000000,1.000124215,2022-09-28
1664290000000,1.000010981,2022-09-27
1664210000000,1.00012262,2022-09-26
1664120000000,1.000164783,2022-09-25
1664040000000,0.999968331,2022-09-24
1663950000000,0.999973367,2022-09-23
1663860000000,0.999992926,2022-09-22
1663780000000,0.999919619,2022-09-21
1663690000000,1.000112824,2022-09-20
1663600000000,0.999948084,2022-09-19
1663520000000,0.999872961,2022-09-18
1663430000000,1.000077155,2022-09-17
1663340000000,1.000031667,2022-09-16
1663260000000,1.000118324,2022-09-15
1663170000000,1.00016179,2022-09-14
1663080000000,1.000039522,2022-09-13
1663000000000,1.000114062,2022-09-12
1662910000000,1.000010995,2022-09-11
1662830000000,0.999951365,2022-09-10
1662740000000,0.99986271,2022-09-09
1662650000000,0.99994502,2022-09-08
1662570000000,0.999914295,2022-09-07
1662480000000,0.999992952,2022-09-06
1662390000000,0.999878151,2022-09-05
1662310000000,0.999881774,2022-09-04
1662220000000,1.000106869,2022-09-03
1662130000000,1.000126276,2022-09-02
1662050000000,1.000100815,2022-09-01
1661960000000,0.999976466,2022-08-31
1661880000000,1.0000276,2022-08-30
1661790000000,1.000006436,2022-08-29
1661700000000,0.999966507,2022-08-28
1661620000000,1.000030862,2022-08-27
1661530000000,1.000008598,2022-08-26
1661440000000,0.9999742,2022-08-25
1661360000000,0.999959762,2022-08-24
1661270000000,0.999861093,2022-08-23
1661180000000,0.999982226,2022-08-22
1661100000000,1.000138159,2022-08-21
1661010000000,1.000140846,2022-08-20
1660920000000,1.000210942,2022-08-19
1660840000000,1.00002768,2022-08-18
1660750000000,0.999907481,2022-08-17
1660670000000,0.999954523,2022-08-16
1660580000000,1.000061135,2022-08-15
1660490000000,0.999949345,2022-08-14
1660410000000,0.999848175,2022-08-13
1660320000000,0.999952207,2022-08-12
1660230000000,1.000066722,2022-08-11
1660150000000,0.999914443,2022-08-10
1660060000000,1.000135192,2022-08-09
1659970000000,0.999797991,2022-08-08
1659890000000,1.000065922,2022-08-07
1659800000000,0.99991884,2022-08-06
1659720000000,0.999705715,2022-08-05
1659630000000,1.000087564,2022-08-04
1659540000000,1.000036404,2022-08-03
1659460000000,1.000032206,2022-08-02
1659370000000,0.99993443,2022-08-01
1659280000000,0.999837371,2022-07-31
1659200000000,0.999797338,2022-07-30
1659110000000,0.999865666,2022-07-29
1659020000000,0.999677953,2022-07-28
1658940000000,1.000022102,2022-07-27
1658850000000,1.000114685,2022-07-26
1658760000000,1.000141815,2022-07-25
1658680000000,0.999742324,2022-07-24
1658590000000,1.000083881,2022-07-23
1658510000000,1.000013658,2022-07-22
1658420000000,1.000017347,2022-07-21
1658330000000,1.000082252,2022-07-20
1658250000000,0.999913428,2022-07-19
1658160000000,0.99989319,2022-07-18
1658070000000,1.000077602,2022-07-17
1657990000000,1.000249043,2022-07-16
1657900000000,1.000150899,2022-07-15
1657810000000,0.999962781,2022-07-14
1657730000000,0.999996982,2022-07-13
1657640000000,1.000047076,2022-07-12
1657560000000,0.999853319,2022-07-11
1657470000000,1.000168851,2022-07-10
1657380000000,1.000029111,2022-07-09
1657300000000,1.000045574,2022-07-08
1657210000000,0.999778244,2022-07-07
1657120000000,1.000091545,2022-07-06
1657040000000,0.999879452,2022-07-05
1656950000000,1.000052933,2022-07-04
1656860000000,1.000305933,2022-07-03
1656780000000,1.000371741,2022-07-02
1656690000000,0.999971031,2022-07-01
1656600000000,1.000177437,2022-06-30
1656520000000,0.99991443,2022-06-29
1656430000000,1.000364824,2022-06-28
1656350000000,1.000140393,2022-06-27
1656260000000,1.000165689,2022-06-26
1656170000000,0.999813112,2022-06-25
1656090000000,1.00010379,2022-06-24
1656000000000,0.999863947,2022-06-23
1655910000000,1.000538877,2022-06-22
1655830000000,1.000107594,2022-06-21
1655740000000,0.999942811,2022-06-20
1655650000000,1.000151846,2022-06-19
1655570000000,1.000404089,2022-06-18
1655480000000,1.000315008,2022-06-17
1655400000000,1.000208097,2022-06-16
1655310000000,1.000367551,2022-06-15
1655220000000,1.000704306,2022-06-14
1655140000000,1.000728262,2022-06-13
1655050000000,1.0004335,2022-06-12
1654960000000,1.000048542,2022-06-11
1654880000000,1.000089689,2022-06-10
1654790000000,1.000063374,2022-06-09
1654700000000,1.000243818,2022-06-08
1654620000000,1.000218329,2022-06-07
1654530000000,1.000102552,2022-06-06
1654440000000,1.000081966,2022-06-05
1654360000000,1.000144181,2022-06-04
1654270000000,1.000242546,2022-06-03
1654190000000,1.00014302,2022-06-02
1654100000000,1.000224392,2022-06-01
1654010000000,1.000130156,2022-05-31
1653930000000,1.000209787,2022-05-30
1653840000000,1.000099495,2022-05-29
1653750000000,1.000586164,2022-05-28
1653670000000,1.000150137,2022-05-27
1653580000000,1.00040304,2022-05-26
1653490000000,0.999930013,2022-05-25
1653410000000,0.999821178,2022-05-24
1653320000000,1.000179331,2022-05-23
1653240000000,1.000141304,2022-05-22
1653150000000,1.000091708,2022-05-21
1653060000000,1.000266358,2022-05-20
1652980000000,0.999906852,2022-05-19
1652890000000,1.000269119,2022-05-18
1652800000000,0.999771307,2022-05-17
1652720000000,1.000219369,2022-05-16
1652630000000,1.000580657,2022-05-15
1652540000000,1.000182757,2022-05-14
1652460000000,1.000380957,2022-05-13
1652370000000,1.000346567,2022-05-12
1652280000000,1.000658884,2022-05-11
1652200000000,1.000766066,2022-05-10
1652110000000,0.999828484,2022-05-09
1652030000000,0.999594697,2022-05-08
1651940000000,1.000087105,2022-05-07
1651850000000,0.99990594,2022-05-06
1651770000000,1.000072451,2022-05-05
1651680000000,0.999957803,2022-05-04
1651590000000,1.000077316,2022-05-03
1651510000000,1.00011944,2022-05-02
1651420000000,1.00006013,2022-05-01
1651330000000,1.00038142,2022-04-30
1651250000000,1.000295283,2022-04-29
1651160000000,1.000022776,2022-04-28
1651080000000,1.000028774,2022-04-27
1650990000000,1.000320617,2022-04-26
1650900000000,1.000126583,2022-04-25
1650820000000,1.000218462,2022-04-24
1650730000000,0.999963456,2022-04-23
1650640000000,1.000003787,2022-04-22
1650560000000,1.000198647,2022-04-21
1650470000000,1.000281631,2022-04-20
1650380000000,0.99984698,2022-04-19
1650300000000,0.999896579,2022-04-18
1650210000000,0.999873157,2022-04-17
1650120000000,0.999258544,2022-04-16
1650040000000,1.000226356,2022-04-15
1649950000000,0.999753105,2022-04-14
1649870000000,0.999839451,2022-04-13
1649780000000,0.999745264,2022-04-12
1649690000000,0.999865423,2022-04-11
1649610000000,0.999731991,2022-04-10
1649520000000,0.999625866,2022-04-09
1649430000000,1.000083674,2022-04-08
1649350000000,0.9997413,2022-04-07
1649260000000,1.000037481,2022-04-06
1649170000000,0.999585485,2022-04-05
1649090000000,0.999695629,2022-04-04
1649000000000,1.00012226,2022-04-03
1648920000000,1.000094222,2022-04-02
1648830000000,0.999343929,2022-04-01
1648740000000,0.999993936,2022-03-31
1648660000000,0.999446736,2022-03-30
1648570000000,0.999430698,2022-03-29
1648480000000,0.999996498,2022-03-28
1648400000000,1.000125686,2022-03-27
1648310000000,1.000039067,2022-03-26
1648220000000,0.999892139,2022-03-25
1648140000000,0.999152917,2022-03-24
1648050000000,0.999705451,2022-03-23
1647960000000,0.999953443,2022-03-22
1647880000000,0.9999039,2022-03-21
1647790000000,0.999827842,2022-03-20
1647710000000,0.999932376,2022-03-19
1647620000000,0.999747833,2022-03-18
1647530000000,0.999848176,2022-03-17
1647450000000,0.999783937,2022-03-16
1647360000000,0.999895503,2022-03-15
1647270000000,0.999367219,2022-03-14
1647190000000,1.000287592,2022-03-13
1647100000000,0.999964919,2022-03-12
1647010000000,0.999538006,2022-03-11
1646930000000,0.999341481,2022-03-10
1646840000000,0.999800749,2022-03-09
1646760000000,1.000449901,2022-03-08
1646670000000,1.000260497,2022-03-07
1646580000000,0.999133984,2022-03-06
1646500000000,0.999850663,2022-03-05
1646410000000,0.999371324,2022-03-04
1646320000000,0.999841353,2022-03-03
1646240000000,0.999933948,2022-03-02
1646150000000,0.999569089,2022-03-01
1646060000000,0.99981416,2022-02-28
1645980000000,0.999853435,2022-02-27
1645890000000,0.999721711,2022-02-26
1645800000000,0.999991819,2022-02-25
1645720000000,0.999943312,2022-02-24
1645630000000,0.99996288,2022-02-23
1645550000000,0.999512805,2022-02-22
1645460000000,1.000044802,2022-02-21
1645370000000,0.999335144,2022-02-20
1645290000000,1.000003117,2022-02-19
1645200000000,0.999869709,2022-02-18
1645110000000,0.999770518,2022-02-17
1645030000000,0.999401983,2022-02-16
1644940000000,0.999776013,2022-02-15
1644850000000,0.999570804,2022-02-14
1644770000000,0.999364779,2022-02-13
1644680000000,0.999983186,2022-02-12
1644600000000,1.000177122,2022-02-11
1644510000000,0.999367716,2022-02-10
1644420000000,1.000102544,2022-02-09
1644340000000,0.999586821,2022-02-08
1644250000000,0.999171206,2022-02-07
1644160000000,0.99902232,2022-02-06
1644080000000,1.000356588,2022-02-05
1643990000000,1.00011684,2022-02-04
1643900000000,0.999533356,2022-02-03
1643820000000,1.0002312,2022-02-02
1643730000000,0.999966543,2022-02-01
1643640000000,0.999683206,2022-01-31
1643560000000,0.999538983,2022-01-30
1643470000000,1.00006512,2022-01-29
1643390000000,0.999478498,2022-01-28
1643300000000,0.999651269,2022-01-27
1643210000000,0.99977581,2022-01-26
1643130000000,0.998923621,2022-01-25
1643040000000,1.00042919,2022-01-24
1642950000000,1.00030513,2022-01-23
1642870000000,1.000144713,2022-01-22
1642780000000,1.000031977,2022-01-21
1642690000000,1.000440901,2022-01-20
1642610000000,1.000412317,2022-01-19
1642520000000,1.000331061,2022-01-18
1642440000000,1.000104728,2022-01-17
1642350000000,0.999678587,2022-01-16
1642260000000,0.999691547,2022-01-15
1642180000000,0.999482263,2022-01-14
1642090000000,1.000034125,2022-01-13
1642000000000,0.999025099,2022-01-12
1641920000000,0.999799382,2022-01-11
1641830000000,1.000215636,2022-01-10
1641740000000,1.000380709,2022-01-09
1641660000000,0.999835507,2022-01-08
1641570000000,0.999512421,2022-01-07
1641480000000,1.000477377,2022-01-06
1641400000000,0.999560186,2022-01-05
1641310000000,0.999757212,2022-01-04
1641230000000,1.000584803,2022-01-03
1641140000000,0.999707857,2022-01-02
1641050000000,0.999764878,2022-01-01
1640970000000,1.000085289,2021-12-31
1640880000000,1.000038906,2021-12-30
1640790000000,1.000345731,2021-12-29
1640710000000,0.999463376,2021-12-28
1640620000000,1.000840776,2021-12-27
1640530000000,0.999582183,2021-12-26
1640450000000,0.999107902,2021-12-25
1640360000000,0.999855659,2021-12-24
1640280000000,1.000665112,2021-12-23
1640190000000,1.00021857,2021-12-22
1640100000000,0.998163261,2021-12-21
1640020000000,1.00006622,2021-12-20
1639930000000,0.999642276,2021-12-19
1639840000000,0.99988319,2021-12-18
1639760000000,0.999929677,2021-12-17
1639670000000,0.999805921,2021-12-16
1639580000000,0.998952198,2021-12-15
1639500000000,1.000244015,2021-12-14
1639410000000,1.000195478,2021-12-13
1639320000000,0.999779609,2021-12-12
1639240000000,1.00023851,2021-12-11
1639150000000,1.000172293,2021-12-10
1639070000000,1.001216051,2021-12-09
1638980000000,1.000526577,2021-12-08
1638890000000,0.999912572,2021-12-07
1638810000000,1.000063226,2021-12-06
1638720000000,0.999525909,2021-12-05
1638630000000,0.998714516,2021-12-04
1638550000000,0.999993725,2021-12-03
1638460000000,1.000326873,2021-12-02
1638370000000,0.998838823,2021-12-01
1638290000000,0.99959328,2021-11-30
1638200000000,0.999456205,2021-11-29
1638120000000,1.000077792,2021-11-28
1638030000000,0.999874938,2021-11-27
1637940000000,1.001594065,2021-11-26
1637860000000,0.999842574,2021-11-25
1637770000000,1.000332452,2021-11-24
1637680000000,1.000706722,2021-11-23
1637600000000,1.000115312,2021-11-22
1637510000000,0.999962493,2021-11-21
1637420000000,1.000234645,2021-11-20
1637340000000,0.999699145,2021-11-19
1637250000000,0.99999139,2021-11-18
1637160000000,0.999695685,2021-11-17
1637080000000,0.999850238,2021-11-16
1636990000000,1.000425447,2021-11-15
1636910000000,0.999642845,2021-11-14
1636820000000,0.999646627,2021-11-13
1636730000000,1.000830352,2021-11-12
1636650000000,0.999296147,2021-11-11
1636560000000,0.999855583,2021-11-10
1636470000000,0.999522562,2021-11-09
1636390000000,1.000075472,2021-11-08
1636300000000,0.999828362,2021-11-07
1636210000000,1.000648946,2021-11-06
1636130000000,1.000344664,2021-11-05
1636040000000,1.000561508,2021-11-04
1635960000000,1.000205779,2021-11-03
1635870000000,1.000225497,2021-11-02
1635780000000,0.999896286,2021-11-01
1635700000000,0.999861077,2021-10-31
1635610000000,0.999724115,2021-10-30
1635520000000,1.000131032,2021-10-29
1635440000000,0.999829392,2021-10-28
1635350000000,0.999921044,2021-10-27
1635260000000,1.000273359,2021-10-26
1635180000000,1.000135287,2021-10-25
1635090000000,0.999650157,2021-10-24
1635000000000,1.000308452,2021-10-23
1634920000000,1.00119939,2021-10-22
1634830000000,1.000333967,2021-10-21
1634750000000,1.000118101,2021-10-20
1634660000000,0.99959018,2021-10-19
1634570000000,0.999939351,2021-10-18
1634490000000,1.000058104,2021-10-17
1634400000000,1.00029865,2021-10-16
1634310000000,0.999968074,2021-10-15
1634230000000,0.999238903,2021-10-14
1634140000000,0.99974244,2021-10-13
1634050000000,1.00014735,2021-10-12
1633970000000,0.999961606,2021-10-11
1633880000000,1.000391817,2021-10-10
1633800000000,1.000597546,2021-10-09
1633710000000,0.999895717,2021-10-08
1633620000000,0.999790812,2021-10-07
1633540000000,1.000022843,2021-10-06
1633450000000,0.999989617,2021-10-05
1633360000000,0.999848668,2021-10-04
1633280000000,0.99941603,2021-10-03
1633190000000,0.99968113,2021-10-02
1633100000000,0.999790155,2021-10-01
1633020000000,0.99954498,2021-09-30
1632930000000,1.000139746,2021-09-29
1632840000000,1.000411444,2021-09-28
1632760000000,1.000386682,2021-09-27
1632670000000,1.000303657,2021-09-26
1632590000000,1.000254702,2021-09-25
1632500000000,1.00033928,2021-09-24
1632410000000,1.000135182,2021-09-23
1632330000000,1.000038892,2021-09-22
1632240000000,0.999562851,2021-09-21
1632150000000,1.000343817,2021-09-20
1632070000000,1.000384234,2021-09-19
1631980000000,1.000254584,2021-09-18
1631890000000,0.999405394,2021-09-17
1631810000000,0.999831911,2021-09-16
1631720000000,1.000064221,2021-09-15
1631640000000,1.000021099,2021-09-14
1631550000000,1.000277638,2021-09-13
1631460000000,1.000094564,2021-09-12
1631380000000,0.99949042,2021-09-11
1631290000000,1.00097082,2021-09-10
1631200000000,1.00023129,2021-09-09
1631120000000,1.00020989,2021-09-08
1631030000000,1.0003046,2021-09-07
1630940000000,1.00026176,2021-09-06
1630860000000,0.99951781,2021-09-05
1630770000000,0.99957508,2021-09-04
1630680000000,0.99993667,2021-09-03
1630600000000,0.9998398,2021-09-02
1630510000000,1.00002082,2021-09-01
