"Transaction Hash","Status","Type","Method","Block","Age","From","From_NameTag","To","To_NameTag","Amount","Value (USD)","Asset","Txn Fee"
"0xd8cc176f341bb602c2bba56a3682c07afc359b340f85e6f6090de3d6397e3d84","Success","ERC-20","Send","16090219","614 days ago","0x9087eB5EfAfd064c322C23f51C851b23236b675E"," ","0x0000000000000000000000000000000000000000","Null: 0x000...000","0.01","$0.00","Wrapped GLMR(WGLMR)","0.00291675"
"0x5df498afa2485df051ccc94640df4d7125da36cba6ad028336032e95eb7bfd47","Success","ERC-20","Send","15252969","737 days ago","0xd3e458fac5B38158E39331d67f08e04a36647Ef9"," ","0x0000000000000000000000000000000000000000","Null: 0x000...000","6","$0.00","Wrapped GLMR(WGLMR)","0.002422"
"0x51df92d9ba18dc34e789eae65d704182386584a3ecdebd9df1d01bb6d4c591d9","Success","ERC-20","Send","15248884","738 days ago","0xa31d7fe5accbba9795b4b2f8c1b58abe90590d6d"," ","0x0000000000000000000000000000000000000000","Null: 0x000...000","10","$0.00","Wrapped GLMR(WGLMR)","0.00160715"
"0x59d8d66b391318384ef206f35d1e1580d88fb233d93b09c28a92c4b553d9587e","Success","ERC-20","Send","15243764","738 days ago","0x163282f109b86167a7017a9db2c995a9240dff38"," ","0x0000000000000000000000000000000000000000","Null: 0x000...000","1,232","$0.00","Wrapped GLMR(WGLMR)","0.00121367"
"0x88f5efa6fe03b155167e0732ee7c6016eaa901a00794cef28c682be77f91d3ad","Success","ERC-20","Send","15243041","738 days ago","0x7390607c7f1c7af41d9e66eb34ca0c73e54e1506"," ","0x0000000000000000000000000000000000000000","Null: 0x000...000","130.3","$0.00","Wrapped GLMR(WGLMR)","0.00113523"
"0xf6002ebd75015159d910019e1cf26b51669d841be4bda75f5d7c798e8dee1562","Success","ERC-20","Send","15241182","739 days ago","0x450747543bEB8C9A354cb3EbE8Ef0B3d8d7574b9"," ","0x0000000000000000000000000000000000000000","Null: 0x000...000","105","$0.00","Wrapped GLMR(WGLMR)","0.00167473"
"0xf543e85af1df1c4d63476fc3db72a4f06ab49092be57a2bafa0d2cc019211afd","Success","ERC-20","Send","15239380","739 days ago","0xA03B7eD82639E7A1AeF7C7F7E214C8AbdAaE86AA"," ","0x0000000000000000000000000000000000000000","Null: 0x000...000","65","$0.00","Wrapped GLMR(WGLMR)","0.00324642"
"0xbc2b051589311c32c5c3c887589e19c025c442e9306de4bde5fb45b91b1257a4","Success","ERC-20","Send","15236904","739 days ago","0xa643b01b756976B2d65D5f16C13CdEA31F16D144"," ","0x0000000000000000000000000000000000000000","Null: 0x000...000","132","$0.00","Wrapped GLMR(WGLMR)","0.00222344"
"0x3e53e02ce4758d6325475ada1c5ab09bc1e9aa36d39fa0d1507609d7a1bcbeea","Success","ERC-20","Send","15068220","766 days ago","0xed3c678f04d92c78c101154a271a50ad9089f443"," ","0x0000000000000000000000000000000000000000","Null: 0x000...000","1","$0.00","Wrapped GLMR(WGLMR)","0.00191143"
"0xfc8c36651a450750f286e4bd971197b86966af2d7fa00b4da26dffaec3def217","Success","ERC-20","Send","15049901","768 days ago","0x522ea58a06842817a18b1fc6e2311c3c24094181"," ","0x0000000000000000000000000000000000000000","Null: 0x000...000","50","$0.00","Wrapped GLMR(WGLMR)","0.00794927"
"0x637a2145eba00973f08fd647edad411ae4cb680d2290c73c0093032ac3068bcd","Success","ERC-20","Send","14991150","779 days ago","0x5dc4b43165706d0fc8aad525fe7e32269c4e28b3"," ","0x0000000000000000000000000000000000000000","Null: 0x000...000","600","$0.00","Wrapped GLMR(WGLMR)","0.00484041"
"0x1646587d96842e34f3a584acccc0893bf07e0c015a47c02074b65a822be18bb7","Success","ERC-20","Send","14990585","779 days ago","0xCff91C7D0b0BddC024F2215338971e50fBD5B356"," ","0x0000000000000000000000000000000000000000","Null: 0x000...000","100","$0.00","Wrapped GLMR(WGLMR)","0.00652861"
"0x9b7ee4ee5f43ee40a3d6562a2be104c32b1f4ed174ae70cf3b116192824a9774","Success","ERC-20","Send","14989513","780 days ago","0x8728c811f93eb6ac47d375e6a62df552d62ed284"," ","0x0000000000000000000000000000000000000000","Null: 0x000...000","600","$0.00","Wrapped GLMR(WGLMR)","0.00314903"
"0x7be8baeb421f232db1ce027b0d5d7dce0db5faa807188435545152dbe7de7329","Success","ERC-20","Send","14987808","780 days ago","0xAF14a99BB5a9D77ab58DE8561E8E5040031672Af"," ","0x0000000000000000000000000000000000000000","Null: 0x000...000","3,900","$0.00","Wrapped GLMR(WGLMR)","0.00538697"
"0x677c8a7dd648ac9d2e0e0d009f125061697e2ad24e0e59eb4a2c56caa3130b63","Success","ERC-20","Send","14950814","786 days ago","0xD63154aBc9c6655626F16F0AED41c2e958410724"," ","0x0000000000000000000000000000000000000000","Null: 0x000...000","68","$0.00","Wrapped GLMR(WGLMR)","0.01151852"
"0x3cbf6b145af6b8ccdcd6f2612e5d8bd78a0d17565b8c0f68fcfb36adffe6b820","Success","ERC-20","Send","14920725","791 days ago","0x025b2e51750f4dc6e3fdf0035eab833e50911509"," ","0x0000000000000000000000000000000000000000","Null: 0x000...000","30","$0.00","Wrapped GLMR(WGLMR)","0.00777757"
"0xd5861459702b9efe5f47d0c9b553bfe7046b9a55cb99acee83c8ffce521acd56","Success","ERC-20","Send","14913838","793 days ago","0xFc637A6d180D72998884a8Fee2f12A3B243cF1eE"," ","0x0000000000000000000000000000000000000000","Null: 0x000...000","250","$0.00","Wrapped GLMR(WGLMR)","0.01131541"
"0x5a2f4deff199b52809d0b1d7ed92f39f79f7f4b7ddb8fbc0aa22b465b5a401da","Success","ERC-20","Send","14890256","796 days ago","0xc950a5b78898919660745436229d7a7e70fa2a6a"," ","0x0000000000000000000000000000000000000000","Null: 0x000...000","840","$0.00","Wrapped GLMR(WGLMR)","0.00780158"
"0x415e5bd51604a6903061ed55698dfae09bf9f899eef063d48ac46d6f8f4e7316","Success","ERC-20","Send","14885824","797 days ago","0xc950a5b78898919660745436229d7a7e70fa2a6a"," ","0x0000000000000000000000000000000000000000","Null: 0x000...000","850","$0.00","Wrapped GLMR(WGLMR)","0.03035281"
"0x5bbf46f31d2897477b7123ee4ba941282caf0f300e02911f440b967ee8696ded","Success","ERC-20","Send","14880412","798 days ago","0x9E11732A081020d19e1717Fd89480604A9e6a5Af"," ","0x0000000000000000000000000000000000000000","Null: 0x000...000","1,450","$0.00","Wrapped GLMR(WGLMR)","0.01886988"
"0x98aaa6a8c274888040015ada46bc12515a2a24d6214591f5f08e66d9be584b6a","Success","ERC-20","Send","14880137","798 days ago","0xDe4A63d65BDB57fD33DC888D9f28A204DD036bd1"," ","0x0000000000000000000000000000000000000000","Null: 0x000...000","1,500","$0.00","Wrapped GLMR(WGLMR)","0.01499586"
"0xea160f9c1dfc115a8e108f5583e04b995a2c57c7195ab2d11e363885763e62f0","Success","ERC-20","Send","14867168","800 days ago","0x20bd3ae9171cf20436a8a7e8027c74bcc7e2dbc4"," ","0x0000000000000000000000000000000000000000","Null: 0x000...000","10","$0.00","Wrapped GLMR(WGLMR)","0.00445696"
"0x5aca8933b0d1781a54e3ab453c0c7b299a5c15a03fd5a740bf2bc1f7333d1bdd","Success","ERC-20","Send","14841324","804 days ago","0x8e7BD07c642953CE557308b657A763f295085696"," ","0x0000000000000000000000000000000000000000","Null: 0x000...000","750","$0.00","Wrapped GLMR(WGLMR)","0.00375391"
"0x9f4938658cb3f1de64447be078e2fc112eef33a9605fd5f827431e9c520e4bd0","Success","ERC-20","Send","14835372","805 days ago","0x600e14eB0C1a6F529208621ec6fF477779B54C05"," ","0x0000000000000000000000000000000000000000","Null: 0x000...000","0.5","$0.00","Wrapped GLMR(WGLMR)","0.00397093"
"0x5988777bb72e4ac3c796dde71ebf04e9c5759f51e60a7ef2459f08a15ca73a79","Success","ERC-20","Send","14810236","809 days ago","0x9E11732A081020d19e1717Fd89480604A9e6a5Af"," ","0x0000000000000000000000000000000000000000","Null: 0x000...000","1,450","$0.00","Wrapped GLMR(WGLMR)","0.0026009"
"0x23924d57ed4087b3707fb86b720d3b101c76449a2d90124fea4de9d28babed17","Success","ERC-20","Send","14788000","813 days ago","0x1bD9197b8372B539C2D349e017b3ef0AbE769b47"," ","0x0000000000000000000000000000000000000000","Null: 0x000...000","74.5","$0.00","Wrapped GLMR(WGLMR)","0.00892714"
"0x919872b2f12019656c874f98e761df6a66054d14fa5cea5544c07d7f024dd619","Success","ERC-20","Send","14781686","814 days ago","0xDe4A63d65BDB57fD33DC888D9f28A204DD036bd1"," ","0x0000000000000000000000000000000000000000","Null: 0x000...000","1,500","$0.00","Wrapped GLMR(WGLMR)","0.00415846"
"0xe80db8a513d020feea4384902f61ccbf48753eedafbc56bf676d9e5c602f0467","Success","ERC-20","Send","14775594","815 days ago","0x9E11732A081020d19e1717Fd89480604A9e6a5Af"," ","0x0000000000000000000000000000000000000000","Null: 0x000...000","1,450","$0.00","Wrapped GLMR(WGLMR)","0.00745928"
"0x8ab65544c07e865918107a264dfa9f63c7eaac034e0bec32e8f2c7903fc32440","Success","ERC-20","Send","14737823","821 days ago","0xe64063c7688db1ac863d0daa3dbca41ab4e6b465"," ","0x0000000000000000000000000000000000000000","Null: 0x000...000","45","$0.00","Wrapped GLMR(WGLMR)","0.00433721"
"0xaeeba493cf83a8b6628e22896858949a7d621682a214a3b8ff7f28b45d1787e3","Success","ERC-20","Send","14734861","822 days ago","0x9E11732A081020d19e1717Fd89480604A9e6a5Af"," ","0x0000000000000000000000000000000000000000","Null: 0x000...000","1,450","$0.00","Wrapped GLMR(WGLMR)","0.00717577"
"0xaa9ec2cc00ecf1b0abad4afd79c24f71c12449ad520c6759fdecf09a751c2c29","Success","ERC-20","Send","14722830","823 days ago","0x9E11732A081020d19e1717Fd89480604A9e6a5Af"," ","0x0000000000000000000000000000000000000000","Null: 0x000...000","1,450","$0.00","Wrapped GLMR(WGLMR)","0.00649686"
"0x4aa8a440d5f3e6dd73ee036640ece8eee6c345d5b7ccfc51a73e135270e9756f","Success","ERC-20","Send","14719250","824 days ago","0xDe4A63d65BDB57fD33DC888D9f28A204DD036bd1"," ","0x0000000000000000000000000000000000000000","Null: 0x000...000","1,500","$0.00","Wrapped GLMR(WGLMR)","0.01336599"
"0xce55979ad9ed062765a124de725248a65cec38488345742c63d835a411f11b90","Success","ERC-20","Send","14704443","826 days ago","0x9E11732A081020d19e1717Fd89480604A9e6a5Af"," ","0x0000000000000000000000000000000000000000","Null: 0x000...000","1,450","$0.00","Wrapped GLMR(WGLMR)","0.01163361"
"0x0bcaf6afc04a5a9c0d2c36280938a68d32f2e3eac01e4e80919acc12b625a14e","Success","ERC-20","Send","14693557","828 days ago","0xDe4A63d65BDB57fD33DC888D9f28A204DD036bd1"," ","0x0000000000000000000000000000000000000000","Null: 0x000...000","1,500","$0.00","Wrapped GLMR(WGLMR)","0.01895478"
"0x9ed9ba3ceba1137964a7e9e3676ce8ed18d130e0be6735d737035bfed905727f","Success","ERC-20","Send","14693474","828 days ago","0x9E11732A081020d19e1717Fd89480604A9e6a5Af"," ","0x0000000000000000000000000000000000000000","Null: 0x000...000","1,450","$0.00","Wrapped GLMR(WGLMR)","0.011112"
"0x9c17d122d11b574ed4b30957e2886d0346a76694317cf437835e15fd840d6704","Success","ERC-20","Send","14684779","829 days ago","0x319fa9b7863fd629f33325f159143b82d0fa7b94"," ","0x0000000000000000000000000000000000000000","Null: 0x000...000","100","$0.00","Wrapped GLMR(WGLMR)","0.00622407"
"0x7a08528a2364ef3e3a1108433a32dfa19fdc304f79654c6c7216bf2ed724cffd","Success","ERC-20","Send","14678500","830 days ago","0x9E11732A081020d19e1717Fd89480604A9e6a5Af"," ","0x0000000000000000000000000000000000000000","Null: 0x000...000","1,450","$0.00","Wrapped GLMR(WGLMR)","0.00875148"
"0xf0528e7779e5a4eddf138db7a00cd475d7544456d9b03fc68cf56df587cf95ae","Success","ERC-20","Send","14678499","830 days ago","0xDe4A63d65BDB57fD33DC888D9f28A204DD036bd1"," ","0x0000000000000000000000000000000000000000","Null: 0x000...000","1,500","$0.00","Wrapped GLMR(WGLMR)","0.00949059"
"0x8339d264583579939080d2d6557be7d2b9acec7f51e9fd91ea1af05b191e6d11","Success","ERC-20","Send","14671906","831 days ago","0xDe4A63d65BDB57fD33DC888D9f28A204DD036bd1"," ","0x0000000000000000000000000000000000000000","Null: 0x000...000","1,500","$0.00","Wrapped GLMR(WGLMR)","0.00636419"
"0x9a37f2210a08ef2fe74e6cc0cd29ed0c970d0079d375405819db843639d3bf9c","Success","ERC-20","Send","14671591","832 days ago","0xFFa28AD7CE505ad89a019F805a8Ec9931B2e0Cc2"," ","0x0000000000000000000000000000000000000000","Null: 0x000...000","1,000","$0.00","Wrapped GLMR(WGLMR)","0.00553305"
"0x257d0f5df15e33dd5d69270d6ac10427e247094377898b6f8da9e5c4b97f3c6f","Success","ERC-20","Send","14665635","832 days ago","0x9E11732A081020d19e1717Fd89480604A9e6a5Af"," ","0x0000000000000000000000000000000000000000","Null: 0x000...000","1,450","$0.00","Wrapped GLMR(WGLMR)","0.00642626"
"0x5b0d9114357d413160aee89cfd72ecc7c4cd425ca122c808e1291a703b0dbb0c","Success","ERC-20","Send","14661467","833 days ago","0xDe4A63d65BDB57fD33DC888D9f28A204DD036bd1"," ","0x0000000000000000000000000000000000000000","Null: 0x000...000","1,500","$0.00","Wrapped GLMR(WGLMR)","0.00766224"
"0x968bd9bf8ce9e6ca9549e66e3bbf51daf374dbe01d341e83cd0df45e653fb04e","Success","ERC-20","Send","14657750","834 days ago","0xEA4C988B5c56a1898c50797478097B1CB83Cbce7"," ","0x0000000000000000000000000000000000000000","Null: 0x000...000","99","$0.00","Wrapped GLMR(WGLMR)","0.0106426"
"0x16cd5787e2582664e1de7b36115f3577129fdec6c170bf5b213dedf33ca1b4fc","Success","ERC-20","Send","14655883","834 days ago","0x9E11732A081020d19e1717Fd89480604A9e6a5Af"," ","0x0000000000000000000000000000000000000000","Null: 0x000...000","1,450","$0.00","Wrapped GLMR(WGLMR)","0.01535975"
"0x4f99bc2ed0ebd1083e353a3d72f05f796628e10b93ce28447024ba1e9f73e601","Success","ERC-20","Send","14649553","835 days ago","0xDe4A63d65BDB57fD33DC888D9f28A204DD036bd1"," ","0x0000000000000000000000000000000000000000","Null: 0x000...000","1,500","$0.00","Wrapped GLMR(WGLMR)","0.00966324"
"0x8989eacef2fc99fc77cd43e1348969ebdb84ef76d12110c8f159b723aa334150","Success","ERC-20","Send","14645819","836 days ago","0x648cb3eDA2cD223789fa87739f50536367588f9a"," ","0x0000000000000000000000000000000000000000","Null: 0x000...000","800","$0.00","Wrapped GLMR(WGLMR)","0.00434783"
"0x0f204f780dbede83a6a6c4766d267cd43b25f2717eba39c5aa35703ea4c2bf4b","Success","ERC-20","Send","14645042","836 days ago","0x1d0c383c8317c7C1693C1488fDD3aE0495788631"," ","0x0000000000000000000000000000000000000000","Null: 0x000...000","1,001","$0.00","Wrapped GLMR(WGLMR)","0.00410512"
"0x78453279e945aea037c21cb59377d1a5a51478eb3cc3d21aaa18da18cc933707","Success","ERC-20","Send","14644185","836 days ago","0xF5162D8e943A0E2304A1D7cE48c9EB129D418Ac7"," ","0x0000000000000000000000000000000000000000","Null: 0x000...000","1,001.01","$0.00","Wrapped GLMR(WGLMR)","0.00422069"
"0x425d06823514dab2c74c32d9f7f8c4a101a942d2c7e9c4dcb0b77900ed11e9ee","Success","ERC-20","Send","14642682","836 days ago","0x04A153F62E80dA5C5e03510862c58a9b8EB73e4E"," ","0x0000000000000000000000000000000000000000","Null: 0x000...000","245","$0.00","Wrapped GLMR(WGLMR)","0.0067331"
"0x1d402e6f390c98e6f5edde659ce5b39f0417d1fa1f54c20141f2112a14248f35","Success","ERC-20","Send","14642659","836 days ago","0x0cD18d8FFd1fA20E824E8153a218f4d7FC9Cb39D"," ","0x0000000000000000000000000000000000000000","Null: 0x000...000","198","$0.00","Wrapped GLMR(WGLMR)","0.00660745"
"0x5ff63c326a521d973b30de49c3bca98834bce1e4c56230aec0322a8add628c60","Success","ERC-20","Send","14642631","836 days ago","0xE43D7689d4119Eb0388f66c38c946880c4fcad25"," ","0x0000000000000000000000000000000000000000","Null: 0x000...000","430","$0.00","Wrapped GLMR(WGLMR)","0.00598388"
"0x622bd88074a68cce90d8d4f6551589371e667a0abd10fec35a09afe04957ad87","Success","ERC-20","Send","14642608","836 days ago","0x8554792f0ecC2464122ddC5348aCd86f4Fb6Ec8C"," ","0x0000000000000000000000000000000000000000","Null: 0x000...000","280","$0.00","Wrapped GLMR(WGLMR)","0.00905823"
"0x7731ec55d4900cf1fcd02722d40e648534a35d58b4b7673eba64f8d102d92a13","Success","ERC-20","Send","14642574","836 days ago","0xDA3Ba0789A049Ff1480928028d1510A9f8018797"," ","0x0000000000000000000000000000000000000000","Null: 0x000...000","205","$0.00","Wrapped GLMR(WGLMR)","0.01075721"
"0xecb60753cc3ecf3b363c1db45b3e3858aebf711ec2e361093bd1a59cf0c5a797","Success","ERC-20","Send","14642531","836 days ago","0xF09Eb8fcEfB1603f55480A4173feED4F58dd2C0d"," ","0x0000000000000000000000000000000000000000","Null: 0x000...000","248","$0.00","Wrapped GLMR(WGLMR)","0.00753761"
"0xe444d46ca788307ea4717a3d4df3be7384b580d1d7c02cc51b75a0d3e31f7aad","Success","ERC-20","Send","14642409","836 days ago","0xF70C3692C26d9bE6F90e121d6c07ED76EAd00542"," ","0x0000000000000000000000000000000000000000","Null: 0x000...000","248","$0.00","Wrapped GLMR(WGLMR)","0.01117638"
"0x5bf84071a8fef46e6431c025db7d906e0e32777753b82cc99b92ae00ba16de7b","Success","ERC-20","Send","14641451","836 days ago","0x202bD4cBbEaFB6A6777E2c0C0158510b55B4eA96"," ","0x0000000000000000000000000000000000000000","Null: 0x000...000","248","$0.00","Wrapped GLMR(WGLMR)","0.0054793"
"0x613720c3fec298c6136c4c082c112c8d01146e0f00673a488649f9265ce8dcc6","Success","ERC-20","Send","14641447","836 days ago","0x5329D68de5eFfF5AD9b3F06AdA18b773876D44bE"," ","0x0000000000000000000000000000000000000000","Null: 0x000...000","1,001","$0.00","Wrapped GLMR(WGLMR)","0.00586357"
"0xcd94daffe2786913df9a96b13ce7e312f3a3298c95f827719570cf1b607048da","Success","ERC-20","Send","14640663","836 days ago","0xbd98d40944672c2d8e975e819ba5ab20221a159b"," ","0x0000000000000000000000000000000000000000","Null: 0x000...000","500","$0.00","Wrapped GLMR(WGLMR)","0.00483744"
"0xdd884b85baa931f7530a2858369b064385c8d1890c1eb1b408ddd1443dd594b1","Success","ERC-20","Send","14639668","837 days ago","0xe52e20395AdAB08f5eec035665127159b1675606"," ","0x0000000000000000000000000000000000000000","Null: 0x000...000","520","$0.00","Wrapped GLMR(WGLMR)","0.00669427"
"0xde9ba7d409f5e7b3e37a5a625457560833292f8ed66204cf2df6e694159b8595","Success","ERC-20","Send","14639651","837 days ago","0x0FD1C90D7B5711EEbE4295AD0a91476c861A5D74"," ","0x0000000000000000000000000000000000000000","Null: 0x000...000","560","$0.00","Wrapped GLMR(WGLMR)","0.00672257"
"0x420a2c0ebb58b2041bd36f69d8f2118ef3b3cad85408d7a6db0646a403816390","Success","ERC-20","Send","14639642","837 days ago","0x20e514d8ACb3a2AeB1c58377607375267fE7ff8e"," ","0x0000000000000000000000000000000000000000","Null: 0x000...000","790","$0.00","Wrapped GLMR(WGLMR)","0.0074815"
"0xb057067225e3c8b46dfd46111fe1454dd0aca893d465148a7980f248c4685861","Success","ERC-20","Send","14639631","837 days ago","0xb17654b91a18fF4F87b0776EAA677C9Bd8C32673"," ","0x0000000000000000000000000000000000000000","Null: 0x000...000","800","$0.00","Wrapped GLMR(WGLMR)","0.0064177"
"0xf222b1bf48e66e649ce6889d5bff6960370b8501b7431a0587efe4dc2443f2ea","Success","ERC-20","Send","14639611","837 days ago","0xE2843b3114Dd910da8A536eC3673f1bFD6eF03E2"," ","0x0000000000000000000000000000000000000000","Null: 0x000...000","890","$0.00","Wrapped GLMR(WGLMR)","0.0062614"
"0x1dcea547d543a7116856de23b28c384c8683d9153843079168479439de811455","Success","ERC-20","Send","14639607","837 days ago","0x76b0bcef1c6a8470e083e9901f9c8eb55b2c53c9"," ","0x0000000000000000000000000000000000000000","Null: 0x000...000","12","$0.00","Wrapped GLMR(WGLMR)","0.0071431"
"0x28093cc540e23fd75023af5db62f602e649fdfeab04289104e0406c17f914463","Success","ERC-20","Send","14639575","837 days ago","0xc9B1e89fE6847C5c0747c353e1A86Aa0803881E5"," ","0x0000000000000000000000000000000000000000","Null: 0x000...000","790","$0.00","Wrapped GLMR(WGLMR)","0.00758357"
"0xfb41c3554d8143994645d6133e1e9bb79f0d7d67466be3831a8abd7322e67146","Success","ERC-20","Send","14639565","837 days ago","0x4468433a5338BA02F9962f12D2F268AB674f01f3"," ","0x0000000000000000000000000000000000000000","Null: 0x000...000","890","$0.00","Wrapped GLMR(WGLMR)","0.00594894"
"0x126c41d869fa1a2d19b3fa810af64e8dad6c00e9a7a818ef10d3a7c928688e57","Success","ERC-20","Send","14639555","837 days ago","0x10d5921e1e91c0A5C14249a2a2Cf8A3aDf7F7E6F"," ","0x0000000000000000000000000000000000000000","Null: 0x000...000","940","$0.00","Wrapped GLMR(WGLMR)","0.00569771"
"0x75497f261f443cc8fec943704279360c92a3ee9bbafd9b5dcfbbd37cdb5252cf","Success","ERC-20","Send","14639547","837 days ago","0x30f7414845a0890a257B8aD25Bbada395Bd1CFc4"," ","0x0000000000000000000000000000000000000000","Null: 0x000...000","970","$0.00","Wrapped GLMR(WGLMR)","0.00642705"
"0x24b6d7c2a548239c299519229872d4e229a4425d1ca29ed6fa6b7370929b493e","Success","ERC-20","Send","14639408","837 days ago","0x4C25b7eb608B398BfAde2f99d519778638A093D7"," ","0x0000000000000000000000000000000000000000","Null: 0x000...000","790","$0.00","Wrapped GLMR(WGLMR)","0.00943388"
"0x36430cbed10c0624beaf12547077596481030650f3d3fb55b9edfa3c871e32a9","Success","ERC-20","Send","14639397","837 days ago","0x528CA64682E62e66c05E584425bDD54C8889b755"," ","0x0000000000000000000000000000000000000000","Null: 0x000...000","970","$0.00","Wrapped GLMR(WGLMR)","0.00679475"
"0xb2edce11377a04a38f772664c789fa7cf6943cba1e51526236e83b5ca79d7aa6","Success","ERC-20","Send","14639381","837 days ago","0x1eE0F1e5238e4eC3fE1f7A94E40F4BB3839Ac1d7"," ","0x0000000000000000000000000000000000000000","Null: 0x000...000","870","$0.00","Wrapped GLMR(WGLMR)","0.00754114"
"0x9e76388f48d1261569414d133f65b32db0926fc649122d289f72acce64d364c0","Success","ERC-20","Send","14639367","837 days ago","0x115F09DBEFb629980Ba94e09835C3Fd516Df73Af"," ","0x0000000000000000000000000000000000000000","Null: 0x000...000","760","$0.00","Wrapped GLMR(WGLMR)","0.00770936"
"0x69eb1506a6dc644b19f875cff50c69da0dcbfc8b1f1301692818fa311c21cfd4","Success","ERC-20","Send","14639360","837 days ago","0xba40bed982f24D0C8A96578ceaaBfbE8A750c64f"," ","0x0000000000000000000000000000000000000000","Null: 0x000...000","770","$0.00","Wrapped GLMR(WGLMR)","0.00668385"
"0x2304268f294d7b3d457f057c2afe7b2546d17012e656f479a61ccc3ef8a7565a","Success","ERC-20","Send","14636627","837 days ago","0x76b0bcef1c6a8470e083e9901f9c8eb55b2c53c9"," ","0x0000000000000000000000000000000000000000","Null: 0x000...000","1,000","$0.00","Wrapped GLMR(WGLMR)","0.0116003"
"0xd313fd44248c2dfbce1b361e5fa290f9155c36266ab0b5930a74bf5979aa3807","Success","ERC-20","Send","14635310","837 days ago","0x51378dE1417726108647719fdF64AEcfD3e4E841"," ","0x0000000000000000000000000000000000000000","Null: 0x000...000","900","$0.00","Wrapped GLMR(WGLMR)","0.00455189"
"0xa2651ab6e52ed262031ad12d8ee6fb8ce6d8310d43189d51e810b3c2e90dc5b1","Success","ERC-20","Send","14635290","837 days ago","0xd996DE9d70732489F0E7BE840dc7b927E0F4061d"," ","0x0000000000000000000000000000000000000000","Null: 0x000...000","930","$0.00","Wrapped GLMR(WGLMR)","0.00415416"
"0xbe77a76140c4f9fbb5c0f212f047f0e4807a0366755e27998f95272db8e86d4e","Success","ERC-20","Send","14635274","837 days ago","0xf9E552317E18f6942d9Ea3aE4654554d412d1C1B"," ","0x0000000000000000000000000000000000000000","Null: 0x000...000","880","$0.00","Wrapped GLMR(WGLMR)","0.00436915"
"0x9ac669eaa2419d93f683e9c221b272882628437fb869966e80795776dc935e68","Success","ERC-20","Send","14635254","837 days ago","0xfe1211440Ee3b922EE34014e20c9e3961F5189F6"," ","0x0000000000000000000000000000000000000000","Null: 0x000...000","940","$0.00","Wrapped GLMR(WGLMR)","0.00395627"
"0x479ab62591facf868f0fba05785354c756897ad188da29d58cfbbb8c43bc8e45","Success","ERC-20","Send","14635238","837 days ago","0x2A73a2a464737738F7d2C80352024A81ba357543"," ","0x0000000000000000000000000000000000000000","Null: 0x000...000","540","$0.00","Wrapped GLMR(WGLMR)","0.00434972"
"0x9361a90057e9955f57cf17eae7b1bc2468e17edc211f4c46345d291d8dc58c24","Success","ERC-20","Send","14635223","837 days ago","0x7F6E6b20962340DFe7B9467652C965e3F7c32e0d"," ","0x0000000000000000000000000000000000000000","Null: 0x000...000","950","$0.00","Wrapped GLMR(WGLMR)","0.00303752"
"0xa2cd8abd63ed0290b2d661dab69d348137f86bc0a8690f67060d80027faba82d","Success","ERC-20","Send","14635197","837 days ago","0xCEF56aA49ec4bCC73E5BD3A47d07De5A0D07774e"," ","0x0000000000000000000000000000000000000000","Null: 0x000...000","900","$0.00","Wrapped GLMR(WGLMR)","0.00389247"
"0xdd655d049e315c0e43a8cfce9784f83963281ada5f305fff6b8c47406ed0042a","Success","ERC-20","Send","14635182","837 days ago","0xd49d167b9022b731f3EEd7Af21Ae7B90080b358B"," ","0x0000000000000000000000000000000000000000","Null: 0x000...000","800","$0.00","Wrapped GLMR(WGLMR)","0.00331219"
"0x5ac8e771ce8a30697dcae1454744e83dfe9c9d337608e4c1264a52a67387f544","Success","ERC-20","Send","14635133","837 days ago","0x3c8777E8B06aB5Dc3Ce788C7e94bfae7944C03F0"," ","0x0000000000000000000000000000000000000000","Null: 0x000...000","30,780","$0.00","Wrapped GLMR(WGLMR)","0.00306543"
"0x8c391212a48877dcc882be1374c474ac95c29384ed0ea8b44bb1f3ac8edf1bc4","Success","ERC-20","Send","14634588","837 days ago","0x565c6Fbf2b5775fcEA56ABf8f837AeE67D8aA16a"," ","0x0000000000000000000000000000000000000000","Null: 0x000...000","149","$0.00","Wrapped GLMR(WGLMR)","0.00881514"
"0x69ec88436fcc47a97b82e9baa99579fe5a18798e14e83920a9d3c9a158f30908","Success","ERC-20","Send","14634517","837 days ago","0x66EdaB7FD36925D899C4C468aa00bF8A3504C7CF"," ","0x0000000000000000000000000000000000000000","Null: 0x000...000","150","$0.00","Wrapped GLMR(WGLMR)","0.0085598"
"0x3fe8aef4821b32d54c1c1a11f11280bc88afd15e245d52133969868bc6480324","Success","ERC-20","Send","14634315","837 days ago","0xFa308d5c5FF97708BF1BD5775a46ccFbe5DD027D"," ","0x0000000000000000000000000000000000000000","Null: 0x000...000","289","$0.00","Wrapped GLMR(WGLMR)","0.00678168"
"0x0968d6769e6801f13a052df8f1780996df14672f192f5b052ee2ffe0c75c8e18","Success","ERC-20","Send","14628583","838 days ago","0x31a82735012c638e998d831c07dff52de1049adf"," ","0x0000000000000000000000000000000000000000","Null: 0x000...000","24","$0.00","Wrapped GLMR(WGLMR)","0.01111234"
"0xd510b56e52389cd0a4b1d4c044d7588daf037becc0291b3e05fb8a1fea90f293","Success","ERC-20","Send","14625745","839 days ago","0x7bd08d966c2c74e4de63109568c1d9d79b2fc7a6"," ","0x0000000000000000000000000000000000000000","Null: 0x000...000","800","$0.00","Wrapped GLMR(WGLMR)","0.01320821"
"0xcc2e70775cb7a127a468d3412fda8c798e41f89c4c0764cae8d38022b245a86c","Success","ERC-20","Send","14625212","839 days ago","0xE35add7ca643543cE1F860e90f7D9bBd42aDD150"," ","0x0000000000000000000000000000000000000000","Null: 0x000...000","45","$0.00","Wrapped GLMR(WGLMR)","0.01498618"
"0xd6ef03601a23bd6f8d28e05cf1262374a2d1b96acffa6e2d964aef136155586a","Success","ERC-20","Send","14624971","839 days ago","0x708790556966e91834287A060C47097087409b26"," ","0x0000000000000000000000000000000000000000","Null: 0x000...000","48","$0.00","Wrapped GLMR(WGLMR)","0.01630928"
"0xb672d55722604458ce8ec0afbad98bd8f21c0071c58f4d0dc75636712e51acdf","Success","ERC-20","Send","14623443","839 days ago","0x76b0bcef1c6a8470e083e9901f9c8eb55b2c53c9"," ","0x0000000000000000000000000000000000000000","Null: 0x000...000","1,010","$0.00","Wrapped GLMR(WGLMR)","0.01665832"
"0xc530c0b100dadef6a791850f720d031e43ded700ab61d3bd05b757048622737d","Success","ERC-20","Send","14619958","840 days ago","0x0BbA0474AAE69bDcFA77DfF539E7c167e76798b8"," ","0x0000000000000000000000000000000000000000","Null: 0x000...000","998","$0.00","Wrapped GLMR(WGLMR)","0.00880935"
"0x7e4d12d7d5369b011915a8e664eebf87d49b737eb711e21c936076f5db4cd659","Success","ERC-20","Send","14617393","840 days ago","0x7d352B3BFD5E736458fc237A538B05a16AF01bD7"," ","0x0000000000000000000000000000000000000000","Null: 0x000...000","826","$0.00","Wrapped GLMR(WGLMR)","0.01856496"
"0xf1c5eea201008f374d2f8967aed3071e2c4a9d649d972217620f23c56033a88c","Success","ERC-20","Send","14617384","840 days ago","0x255422F87c22D2783B2745E8FB45F9b50bEeFa42"," ","0x0000000000000000000000000000000000000000","Null: 0x000...000","996","$0.00","Wrapped GLMR(WGLMR)","0.01724958"
"0x773ec7ea3df59b9a1edd3f9741bd3d7b37a476c571597374d0bab33b94512d86","Success","ERC-20","Send","14617372","840 days ago","0x2A365FAC35b7ABAE53E7a3c6dE70c8855D5C46f5"," ","0x0000000000000000000000000000000000000000","Null: 0x000...000","999","$0.00","Wrapped GLMR(WGLMR)","0.01760985"
"0x2a4c8ae6cfce87b37530d280f9195652136eb39718e0a96cb691ae8a6b2f635b","Success","ERC-20","Send","14617347","840 days ago","0x248C1390fd365D0812e620361B7586A9C851Ac4e"," ","0x0000000000000000000000000000000000000000","Null: 0x000...000","987","$0.00","Wrapped GLMR(WGLMR)","0.01112383"
"0x2bc5b841f9dca529b7287d9b22cc3025b8942238276b6bd2a52506f371d099be","Success","ERC-20","Send","14617340","840 days ago","0x004302fF315Df99e7a200D3f21Bf5b85f747daE9"," ","0x0000000000000000000000000000000000000000","Null: 0x000...000","963","$0.00","Wrapped GLMR(WGLMR)","0.01177414"
"0x322dd20a262039ab88cdc8db08d77e1968841dd9955f212b3a0dbed85d0560c5","Success","ERC-20","Send","14617334","840 days ago","0x1F1a85D6cD851670F3B30B1c39b2210B3c7F360c"," ","0x0000000000000000000000000000000000000000","Null: 0x000...000","956","$0.00","Wrapped GLMR(WGLMR)","0.01106658"
"0x6dba17dc1a2251973607b3b12e7bdc46d4126a6d9faaed819f9d379ad271e793","Success","ERC-20","Send","14617325","840 days ago","0x4c446d8bB62ee901D0268965c602E2887864F30B"," ","0x0000000000000000000000000000000000000000","Null: 0x000...000","986","$0.00","Wrapped GLMR(WGLMR)","0.01081414"
"0xe0ce6da6f7b6c4e1b54e209732065f0024abbb7d4f7f03d64de6c1a2f5aa974f","Success","ERC-20","Send","14617319","840 days ago","0x73aBa9e09F05C2BDe45F9D1BBBa03aaC76Ff7e1d"," ","0x0000000000000000000000000000000000000000","Null: 0x000...000","952","$0.00","Wrapped GLMR(WGLMR)","0.01016871"
"0x933a2134e831669222c22a5ade26aff23d26f58764ec8f586f71e9d8c7887d8a","Success","ERC-20","Send","14617297","840 days ago","0xeb0B817394Ca0527E16c3959680d94CcEcA9adE4"," ","0x0000000000000000000000000000000000000000","Null: 0x000...000","945","$0.00","Wrapped GLMR(WGLMR)","0.01170624"
"0xeb703d6589e1397043314b5ca98e4ae06b4d033468b801a7a375d36a242ebc6f","Success","ERC-20","Send","14617287","840 days ago","0xDd1b110f2F5134A7797407e19A4744412FAC55f9"," ","0x0000000000000000000000000000000000000000","Null: 0x000...000","30,000","$0.00","Wrapped GLMR(WGLMR)","0.01138778"
"0x15941cac69660d80cd3d2fd925b675785c05f2c6bce7d655651346042eae2a0b","Success","ERC-20","Send","14615607","840 days ago","0x24ea805a2403cf9c0602e35782B59Bc3DBCe87F3"," ","0x0000000000000000000000000000000000000000","Null: 0x000...000","999","$0.00","Wrapped GLMR(WGLMR)","0.00651776"
"0xe5a3ebfdc4e05f1b9b11bbae5cffdaacccfe01d2039c3ca5ac2327a6ecf9541b","Success","ERC-20","Send","14615588","840 days ago","0x0230aCbE82ce9aA6E6e9c53CEe1e8f2C07B42711"," ","0x0000000000000000000000000000000000000000","Null: 0x000...000","976","$0.00","Wrapped GLMR(WGLMR)","0.00731489"
"0x70bca7fd6b2229d965cf4610e7bdbd11bdb14e5e6aec67157138b3de506386aa","Success","ERC-20","Send","14615582","840 days ago","0xc34FE121C3F352A4ea4ACf950e949343f1557602"," ","0x0000000000000000000000000000000000000000","Null: 0x000...000","986","$0.00","Wrapped GLMR(WGLMR)","0.00765454"
"0x98a208706fb8d8177370a7e363425ff7009b48c8db69f08d2b53626f92b92880","Success","ERC-20","Send","14615572","840 days ago","0x2AE6839967A6560A9a9Ec7c3592a01aaEd40F45a"," ","0x0000000000000000000000000000000000000000","Null: 0x000...000","956","$0.00","Wrapped GLMR(WGLMR)","0.00845508"
"0x31fd8e65333b2a2783070070769b7310a05dda7614ad1a0b1f08474fdcaae64f","Success","ERC-20","Send","14615562","840 days ago","0x89ae0538F4060b4E30aA61bb0479013e5132A9Cd"," ","0x0000000000000000000000000000000000000000","Null: 0x000...000","997","$0.00","Wrapped GLMR(WGLMR)","0.0082675"
"0xe0351f7ce55ad96698e24fb2e945b380957962c41f0a567578d4d92d3adc4b99","Success","ERC-20","Send","14615554","840 days ago","0xcBB8CF019a716684771515E4e95ad0fa304F29da"," ","0x0000000000000000000000000000000000000000","Null: 0x000...000","997","$0.00","Wrapped GLMR(WGLMR)","0.00822619"
"0xe42a91077a2cd2b90b99bd315ddc5812953ee54288c84d798c73a11ecff0a0e2","Success","ERC-20","Send","14614990","840 days ago","0xA852EA3E4c1b343a5FDeA9d3fcf22d8F0dEf5316"," ","0x0000000000000000000000000000000000000000","Null: 0x000...000","998","$0.00","Wrapped GLMR(WGLMR)","0.00650808"
"0x00a0e365d29dc0258cd3938eb962e4fc2f8a0d0623f5bac4063d33754f56bc47","Success","ERC-20","Send","14614456","841 days ago","0xfaC742b7e14538D4B7187249eD93E8674D9d3d7c"," ","0x0000000000000000000000000000000000000000","Null: 0x000...000","40","$0.00","Wrapped GLMR(WGLMR)","0.00625869"
"0x969356306e4d82c9a572d594d0897c771eaa775d75591b273209f006361a7f28","Success","ERC-20","Send","14614341","841 days ago","0xa14a65ab3469e94dffe99bc7d4ab2dc21b71d198"," ","0x0000000000000000000000000000000000000000","Null: 0x000...000","24","$0.00","Wrapped GLMR(WGLMR)","0.00666247"
"0xc4536c5d35334f2ddfe5281dbbcf1c3fee2e7550a09255546149b42e3f3b4c56","Success","ERC-20","Send","14614285","841 days ago","0xe52b2362198CA5a78fC6C1aE91baDC80dFA76F89"," ","0x0000000000000000000000000000000000000000","Null: 0x000...000","39","$0.00","Wrapped GLMR(WGLMR)","0.00434834"
"0x3a46caab7d3cdf7f388840e75ef2441fab1a2637479d73a5818537b37ea73866","Success","ERC-20","Send","14611337","841 days ago","0xe6C17504Ad122617ef47FBa0cE7d10A3C26BF0BA"," ","0x0000000000000000000000000000000000000000","Null: 0x000...000","150","$0.00","Wrapped GLMR(WGLMR)","0.00769555"
"0xb82fac505eb1ccf883583eccead2c5f68c9f89d2c4ce1b09170cb04e741204d2","Success","ERC-20","Send","14611328","841 days ago","0xA5b936cD0f1731748d59C74E9510D8046b1a08ac"," ","0x0000000000000000000000000000000000000000","Null: 0x000...000","997","$0.00","Wrapped GLMR(WGLMR)","0.0098134"
"0x8360c02c9b71f73f6bb70cd9d97f07ae9ec7591c13a8b132e3735b96432c0561","Success","ERC-20","Send","14611286","841 days ago","0x792b32ea8ffbac34066a901aeb6a85037fd64030"," ","0x0000000000000000000000000000000000000000","Null: 0x000...000","150","$0.00","Wrapped GLMR(WGLMR)","0.01201378"
"0xf6c9f414566c384097e69b271de1ea4a44a73ebf7685a3379e0d62c3bf906e21","Success","ERC-20","Send","14611245","841 days ago","0xBD980eE024db3C4a7ECB552DfDF2BCA02565149C"," ","0x0000000000000000000000000000000000000000","Null: 0x000...000","150","$0.00","Wrapped GLMR(WGLMR)","0.00817348"
"0x3f39175d88763bdb364112b71ba9b998b520af71e2408dbe49fe5ce282d2a5f2","Success","ERC-20","Send","14611231","841 days ago","0x730A30f59e579F12762fA02ceCa9C73fDe1C0AbC"," ","0x0000000000000000000000000000000000000000","Null: 0x000...000","150","$0.00","Wrapped GLMR(WGLMR)","0.00773402"
"0x7051a5bbeecdacfd25a51f47b2348b626713c53980a6a5d0ab982019852c3d0c","Success","ERC-20","Send","14610401","841 days ago","0x489228bEb8D3a0bfDE6aC037b7281d652B361a87"," ","0x0000000000000000000000000000000000000000","Null: 0x000...000","150","$0.00","Wrapped GLMR(WGLMR)","0.01168145"
"0xfa14f6ff57c1b66dc3c583b714b8acaa2331e61a3167ae5ad08b5918a4c0c54d","Success","ERC-20","Send","14610326","841 days ago","0xaA4085d84458F19feE66B5E1363db86524C5eB93"," ","0x0000000000000000000000000000000000000000","Null: 0x000...000","150","$0.00","Wrapped GLMR(WGLMR)","0.00996984"
"0x178f877960c691eb461f2ca4a631da9cab1006fe13d8f7186ab402c81d115cb6","Success","ERC-20","Send","14609376","841 days ago","0x31c89A3b8847079bC1C66d4B69e3AD332BF62Ce0"," ","0x0000000000000000000000000000000000000000","Null: 0x000...000","12","$0.00","Wrapped GLMR(WGLMR)","0.00613926"
"0x78c2f65a3926b7d05701eaa35b22e1dff116fedc637bd73f26ec77b0d5c3f79f","Success","ERC-20","Send","14608195","841 days ago","0x808Dd10aeC73C683Ad92A3f2aF6c3B037C3FfBd1"," ","0x0000000000000000000000000000000000000000","Null: 0x000...000","39","$0.00","Wrapped GLMR(WGLMR)","0.00441748"
"0xeca1e4f83281fd16afec0af6861770b1e0b834746e13d72aa86c7457c34ede7d","Success","ERC-20","Send","14608170","841 days ago","0x58D74E148014c7f2dF356dA166d2bf328B44EC78"," ","0x0000000000000000000000000000000000000000","Null: 0x000...000","43","$0.00","Wrapped GLMR(WGLMR)","0.00399089"
"0xc158eed891f3393735663120cb9637ff388b381007cf85724f96655ea77923c1","Success","ERC-20","Send","14608147","842 days ago","0x382f4Eb845075bBAE979F7C9592eE99a413Cbe3b"," ","0x0000000000000000000000000000000000000000","Null: 0x000...000","44","$0.00","Wrapped GLMR(WGLMR)","0.00491103"
"0x96695ff284fbe33350e6aedb60e9a3baca1b660b5c455f11a8462260124fbc53","Success","ERC-20","Send","14608129","842 days ago","0x57C8748A9918E78402884A1A9a105FaEBf11AE5a"," ","0x0000000000000000000000000000000000000000","Null: 0x000...000","40","$0.00","Wrapped GLMR(WGLMR)","0.0042864"
"0x883189308566f2ca0dd7e1d8abba2a49011876a43c61f356c5448260bb670941","Success","ERC-20","Send","14608076","842 days ago","0x1eb4f5ae6e14f6376b7175656994f58cea565c0d"," ","0x0000000000000000000000000000000000000000","Null: 0x000...000","4","$0.00","Wrapped GLMR(WGLMR)","0.00364526"
"0xeb03270ecd0fa33fb3c285dd1193e6daedfc5aab2ce56b6bed8e8e0dd143b664","Success","ERC-20","Send","14606215","842 days ago","0xa27a729443AD105caBbC5d2d7F877A5340Aa3e69"," ","0x0000000000000000000000000000000000000000","Null: 0x000...000","30","$0.00","Wrapped GLMR(WGLMR)","0.00846602"
"0xe9abc038fa557485d621dd14edb509a43adec51b0241b08c27982eb45c3e4d46","Success","ERC-20","Send","14606162","842 days ago","0x56729b3ECe444F2E0A7a733d4c7f56d69cC0DF0e"," ","0x0000000000000000000000000000000000000000","Null: 0x000...000","100","$0.00","Wrapped GLMR(WGLMR)","0.00517899"
"0xeccac8cfb0a002c3b83482a415847d9335c1570181aa9f899abe13006533af9a","Success","ERC-20","Send","14604846","842 days ago","0x1bda0a00d113eee140757aa5603c7cca15295153"," ","0x0000000000000000000000000000000000000000","Null: 0x000...000","0.5","$0.00","Wrapped GLMR(WGLMR)","0.00526638"
"0x9897bf87acc3c28b46a81c38a8e24ce3803fd3560f51835fb3cfe6161eee31c7","Success","ERC-20","Send","14604415","842 days ago","0x24523b1979ba2603a66d613d00662b63aaadbb54"," ","0x0000000000000000000000000000000000000000","Null: 0x000...000","40","$0.00","Wrapped GLMR(WGLMR)","0.00502864"
"0xbe0a83f3eb4afdcbf23347d573be980051289339e9ba7627a7bd4ab091d40c6b","Success","ERC-20","Send","14604415","842 days ago","0x09bC1441232200cAf48Cd84Ac17F02FDbE59F3c3"," ","0x0000000000000000000000000000000000000000","Null: 0x000...000","39","$0.00","Wrapped GLMR(WGLMR)","0.00496811"
"0x5f554ba38bad7d05f6968235384d3910d8623f4638674e7e0a4f3a055f7b4af1","Success","ERC-20","Send","14604123","842 days ago","0x3c1148aaecE6bA5f95F5b66F8909ba758537076e"," ","0x0000000000000000000000000000000000000000","Null: 0x000...000","30","$0.00","Wrapped GLMR(WGLMR)","0.00604173"
"0x6c5be8db2c6455aab66d8e712ddd7fc8dfa69d6c9a33d2cd7e6008cc889b09b0","Success","ERC-20","Send","14602186","842 days ago","0xEd9A9f5754cC0d1653Be787f53808F19b5362507"," ","0x0000000000000000000000000000000000000000","Null: 0x000...000","79.75","$0.00","Wrapped GLMR(WGLMR)","0.00429667"
"0xc65e224b8839d60a74ffc679369e06f2cf42b6415062c4f2625d3a7630d54eeb","Success","ERC-20","Send","14602010","842 days ago","0xe99fb6683dddf0aaaeb01840695fc5a05a07ee59"," ","0x0000000000000000000000000000000000000000","Null: 0x000...000","29","$0.00","Wrapped GLMR(WGLMR)","0.00353766"
"0xf61f22a9015a5f35a0300c4a5c31fc81f469b3ae8dd19cdb0b9e26afab301e81","Success","ERC-20","Send","14601573","843 days ago","0x9af5F70708d0C992B9C377c60bb5211FAE748365"," ","0x0000000000000000000000000000000000000000","Null: 0x000...000","19.2","$0.00","Wrapped GLMR(WGLMR)","0.00502468"
"0xe0f810c16cd64065528f5d13f0540225fc73f3986536913c21259abe079f8205","Success","ERC-20","Send","14596374","843 days ago","0xB92eF9e2d5e8C4f454d7907Bc40b85e43306A353"," ","0x0000000000000000000000000000000000000000","Null: 0x000...000","79.78","$0.00","Wrapped GLMR(WGLMR)","0.00518514"
"0x75ac702b0cda2c05295574520ba31177f39b095505f6f9a88087f89b8d818f05","Success","ERC-20","Send","14594922","844 days ago","0xb0647A498731AD35ca476d9cedDE7Bd002B87e31"," ","0x0000000000000000000000000000000000000000","Null: 0x000...000","39.89","$0.00","Wrapped GLMR(WGLMR)","0.00510362"
"0x3e701266db0abb1013248a2fdc6a809bb6550c1cbd30b1e1f893eae11a895b23","Success","ERC-20","Send","14594539","844 days ago","0xb048fc114a229496fbe677b2e0852f8c6387d684"," ","0x0000000000000000000000000000000000000000","Null: 0x000...000","49.99","$0.00","Wrapped GLMR(WGLMR)","0.00593062"
"0x27457a698841f57a873e589051e34573862228a748528e2fc125e3845fcb7384","Success","ERC-20","Send","14592967","844 days ago","0x76A3868155B5D78dF56F751295ED50fa5F87cc71"," ","0x0000000000000000000000000000000000000000","Null: 0x000...000","39.92","$0.00","Wrapped GLMR(WGLMR)","0.00633788"
"0xb77f1446cccba3d6d3179e179eabc2a50befe53e129c9dc2356ab6be040350eb","Success","ERC-20","Send","14588029","845 days ago","0x9DdD4B0B58a0ac5479e917a5A69D4dBE45154358"," ","0x0000000000000000000000000000000000000000","Null: 0x000...000","997","$0.00","Wrapped GLMR(WGLMR)","0.00744721"
"0x35a8a1c5841999db5b649ace19dc4de0df6c688a874f55e9c162f42c514ed829","Success","ERC-20","Send","14585886","845 days ago","0xB0aF9eE9CEc662809E03Ad611198c6C2A8F6a315"," ","0x0000000000000000000000000000000000000000","Null: 0x000...000","997","$0.00","Wrapped GLMR(WGLMR)","0.0126946"
"0x5868fee6f17adf2bfb3dd645838776cf86f1fc6fc27ae952534f1bcd6d024aaf","Success","ERC-20","Send","14583558","845 days ago","0x61fC93E4eC73Ebc3f0422aba48cdcb949e292e71"," ","0x0000000000000000000000000000000000000000","Null: 0x000...000","997","$0.00","Wrapped GLMR(WGLMR)","0.00717488"
"0x5f3e7add2574b81776e8800d4ab483dfd67aecd10ac7104e3f81db6afbdc4c9f","Success","ERC-20","Send","14582536","845 days ago","0xDe29CFCb7b5E5FD4d02E8cDA2Cb08DAbbE6b3D97"," ","0x0000000000000000000000000000000000000000","Null: 0x000...000","1,499","$0.00","Wrapped GLMR(WGLMR)","0.00870838"
"0x8b2d136e40e22e1d0093d8a6e26e9f58a0b25d99e64f86bd5e479a076844a4e1","Success","ERC-20","Send","14581808","846 days ago","0xE79C58815cF703828bC168b0767452700De9b0b8"," ","0x0000000000000000000000000000000000000000","Null: 0x000...000","997","$0.00","Wrapped GLMR(WGLMR)","0.00748759"
"0x926a2f5fcf7f22b379a56181bdf7d3d1b6482d21c7b0e790713b01abf8d005b6","Success","ERC-20","Send","14581313","846 days ago","0xED6E2fA23e88ffbaAfE6bBF17dCdc571F3f51b90"," ","0x0000000000000000000000000000000000000000","Null: 0x000...000","997","$0.00","Wrapped GLMR(WGLMR)","0.01239931"
"0xc57a2322dfb3a6b6ddb5fad9112a553df115633f4253d1869bebfd202780c7b7","Success","ERC-20","Send","14579012","846 days ago","0x6A9bc308D04dDB0fEdeeCeC64B843161e72fFa38"," ","0x0000000000000000000000000000000000000000","Null: 0x000...000","997","$0.00","Wrapped GLMR(WGLMR)","0.01451281"
"0x88ddd94ffae3d5fc7f3959ba5bd8233e800402ae5d2214850b3a3c03bdfb4d31","Success","ERC-20","Send","14578793","846 days ago","0xDd1b110f2F5134A7797407e19A4744412FAC55f9"," ","0x0000000000000000000000000000000000000000","Null: 0x000...000","699","$0.00","Wrapped GLMR(WGLMR)","0.01238993"
"0x6896bf46b5faf5497414066281673eba0a6f04de0a29e8bb01dd4bf9932f7831","Success","ERC-20","Send","14575596","847 days ago","0x76FeB15406Fd0637b95C871BFA8C71FbB1854dD0"," ","0x0000000000000000000000000000000000000000","Null: 0x000...000","39.99","$0.00","Wrapped GLMR(WGLMR)","0.00889522"
"0x439f5eca91f403b509091134c6f4d07f5cf5f5a9be8df741b10b08421192057c","Success","ERC-20","Send","14422748","870 days ago","0xf9c991e5e84954561a4625a0dc0d879fd7fbbebc"," ","0x0000000000000000000000000000000000000000","Null: 0x000...000","120","$0.00","Wrapped GLMR(WGLMR)","0.00392266"
"0x96ceb5b768b3d906f72b52b29848b65ba24b709edf2af132fd2c6b99e7652efa","Success","ERC-20","Send","14355466","881 days ago","0x30b14392b5c8dbe992e6d1d28dea0a612d152f33"," ","0x0000000000000000000000000000000000000000","Null: 0x000...000","1,556.6","$0.00","Wrapped GLMR(WGLMR)","0.00679702"
"0x1ae7ee88b0dd1e91ad5e0044ff248cf4b29f3f891dc0641e5f4f08c2e4c0edfa","Success","ERC-20","Send","14202700","905 days ago","0x950FEB37e6d1F41815D0e67Cc829c15ea28146Ef"," ","0x0000000000000000000000000000000000000000","Null: 0x000...000","92.9","$0.00","Wrapped GLMR(WGLMR)","0.00649721"
"0x7e0d006fb2a4524a51c141a2021f78ab1462782a6d8cc82e048cc1a1d6cfa724","Success","ERC-20","Send","14105911","920 days ago","0xbf5d6A75814365Ae9C100F98d435eB9D1C5a8c5b"," ","0x0000000000000000000000000000000000000000","Null: 0x000...000","30.9","$0.00","Wrapped GLMR(WGLMR)","0.01518272"
"0x52a4c05075731f772b8068c478cdb73b919d929b3bb3340a59b01750d104543d","Success","ERC-20","Send","14074776","924 days ago","0x9A583AFe399c74176eD6dF0FF5609311731524Ee"," ","0x0000000000000000000000000000000000000000","Null: 0x000...000","463","$0.00","Wrapped GLMR(WGLMR)","0.02048748"
"0x6c6211a387c3c039987c7201835800b2644f815a554b2a4d6202337256391837","Success","ERC-20","Send","14031379","931 days ago","0xb7f23faE09dEcfDfaaC75e26c2BCC2fccd322BfB"," ","0x0000000000000000000000000000000000000000","Null: 0x000...000","0.001","$0.00","Wrapped GLMR(WGLMR)","0.02648638"
"0xe66484da1c3bf849275a9c7c1f6616e094ab0e0872942d7186e909f36f8f0051","Success","ERC-20","Send","14029274","931 days ago","0x59c37E94Da9747052d4C051D1832BAb10d4AF2b5"," ","0x0000000000000000000000000000000000000000","Null: 0x000...000","3","$0.00","Wrapped GLMR(WGLMR)","0.02280735"