block_number,transactions,timestamp
15243764,276,1659183980
14913838,241,1654502528
14885824,298,1654100834
15243041,227,1659174180
15068220,403,1656833599
14920725,380,1654603713
14989513,98,1655622507
15252969,684,1659307025
16090219,194,1669900871
14950814,334,1655046555
15049901,192,1656584958
14835372,204,1653389694
14890256,272,1654162919
15236904,337,1659091390
14867168,344,1653837388
14987808,198,1655596779
15241182,249,1659148510
14810236,428,1653038002
14655883,306,1650917990
14775594,320,1652558572
14719250,144,1651781708
14781686,352,1652641465
14880137,540,1654019971
14991150,54,1655647550
14657750,205,1650943090
14841324,387,1653473860
14693557,297,1651429861
14678500,199,1651226202
14737823,209,1652036445
14990585,41,1655638662
15248884,236,1659252588
14722830,101,1651830228
14704443,338,1651578082
14645042,217,1650770595
14649553,366,1650832215
14880412,392,1654023641
14678499,133,1651226177
14644185,182,1650758967
14661467,331,1650994170
14671906,314,1651135697
14642659,209,1650738183
14639668,238,1650697690
14642608,227,1650737576
15239380,308,1659124302
14671591,214,1651131700
14640663,340,1650711678
14734861,326,1651996660
14639575,336,1650696527
14665635,185,1651051057
14639367,180,1650693536
14639408,154,1650694194
14639555,351,1650696183
14639360,361,1650693416
14693474,224,1651428589
14642409,186,1650735129
14636627,361,1650656666
14635290,204,1650638701
14635254,658,1650638231
14635274,183,1650638493
14635197,263,1650637467
14635223,180,1650637750
14641447,119,1650722005
14639631,165,1650697196
14639651,122,1650697483
14642631,394,1650737835
14645819,131,1650780870
14624971,311,1650497720
14628583,151,1650548047
14635238,377,1650638035
14639565,292,1650696363
14639611,391,1650697016
14639607,201,1650696986
14639642,199,1650697365
14625212,337,1650501518
14619958,252,1650431736
14617393,57,1650395786
14642531,356,1650736524
14617287,335,1650394268
14635182,225,1650637293
14635310,392,1650638988
14617340,220,1650394957
14639397,248,1650693929
14634588,319,1650629547
14641451,310,1650722039
14617297,273,1650394415
14639381,240,1650693760
14615607,208,1650372644
14615572,154,1650372288
14614456,263,1650356627
14614990,460,1650364061
14788000,142,1652727919
14611337,176,1650314100
14614285,222,1650354210
14611328,130,1650314019
14614341,247,1650355043
14611245,174,1650313005
14639547,261,1650696095
14610401,141,1650301419
14642682,157,1650738478
14617325,302,1650394755
14635133,487,1650636600
14617372,345,1650395457
14608170,364,1650271065
14608195,241,1650271393
14684779,136,1651310634
14608076,459,1650269824
14604846,120,1650226541
14606215,314,1650245052
14604123,180,1650216924
14606162,296,1650244162
14604415,201,1650220938
14602010,200,1650188039
14617347,394,1650395049
14615582,216,1650372381
14642574,199,1650737227
14601573,348,1650181853
14634517,125,1650628584
14592967,340,1650066277
14594922,180,1650093094
14604415,201,1650220938
14634315,130,1650625788
14581313,182,1649909146
14585886,229,1649970760
14588029,348,1649999529
14625745,232,1650508713
14623443,321,1650478337
14617384,44,1650395637
14578793,361,1649875130
14579012,398,1649878217
14575596,223,1649831364
14617334,257,1650394864
14422748,344,1647772568
14355466,340,1646866977
14611231,163,1650312861
14617319,163,1650394643
14615588,234,1650372450
14611286,262,1650313566
14074776,361,1643114106
14031379,369,1642533214
14615562,284,1650372139
14608129,337,1650270473
14609376,178,1650287464
14610326,390,1650300524
14581808,66,1649915692
14615554,318,1650372033
14602186,271,1650190551
14583558,62,1649939613
14582536,294,1649926033
14029274,374,1642505899
14202700,126,1644821018
14596374,205,1650112647
14594539,271,1650088021
14105911,321,1643529306
14608147,144,1650270773
