timeOpen;timeClose;timeHigh;timeLow;priceOpen;priceHigh;priceLow;priceClose;volume
1,72253E+12;1,72261E+12;1,72253E+12;1,72261E+12;0,190484559;0,191332629;0,175035989;0,176698844;6816687,5
1,72244E+12;1,72253E+12;1,72253E+12;1,72251E+12;0,188926941;0,191205303;0,174470025;0,190484559;6767763,42
1,72236E+12;1,72244E+12;1,72241E+12;1,72244E+12;0,192524511;0,194439817;0,187257927;0,188931352;4259264,97
1,72227E+12;1,72236E+12;1,7223E+12;1,72235E+12;0,198044761;0,199792002;0,190366001;0,192524511;3748038,75
1,72218E+12;1,72227E+12;1,72222E+12;1,72218E+12;0,196179917;0,204606371;0,196113854;0,198050024;4909967,27
1,7221E+12;1,72218E+12;1,7221E+12;1,72218E+12;0,203263006;0,203728751;0,195746361;0,196173251;3245502,13
1,72201E+12;1,7221E+12;1,72206E+12;1,72208E+12;0,203041943;0,208158867;0,200229676;0,203231178;4015320,75
1,72192E+12;1,72201E+12;1,72199E+12;1,72193E+12;0,196364332;0,206569253;0,196033399;0,203034799;4905699,09
1,72184E+12;1,72192E+12;1,7219E+12;1,72184E+12;0,194344494;0,201225581;0,18912855;0,196364332;6599445,1
1,72175E+12;1,72184E+12;1,72178E+12;1,72183E+12;0,203969591;0,206667556;0,193641234;0,194333384;4907865,93
1,72166E+12;1,72175E+12;1,7217E+12;1,72173E+12;0,21026023;0,215539024;0,202210433;0,20396093;5968680,07
1,72158E+12;1,72166E+12;1,72158E+12;1,72166E+12;0,222856715;0,223363985;0,209721833;0,21026023;15393633,99
1,72149E+12;1,72158E+12;1,72149E+12;1,72156E+12;0,224670708;0,225582133;0,2161769;0,222844214;6071749,55
1,7214E+12;1,72149E+12;1,72143E+12;1,72145E+12;0,223985985;0,225205251;0,219312912;0,224658939;4524146,5
1,72132E+12;1,7214E+12;1,7214E+12;1,72135E+12;0,216028911;0,226359467;0,21269696;0,223985985;6277465,74
1,72123E+12;1,72132E+12;1,72124E+12;1,72129E+12;0,217695999;0,222056221;0,208153964;0,215976921;7880771,88
1,72115E+12;1,72123E+12;1,7212E+12;1,72123E+12;0,219141481;0,226375755;0,216279595;0,217618969;7022265,78
1,72106E+12;1,72115E+12;1,72107E+12;1,72109E+12;0,221326523;0,223360628;0,207356622;0,219151062;8570559,59
1,72097E+12;1,72106E+12;1,72106E+12;1,72103E+12;0,214552052;0,221822403;0,212549871;0,2211969;6870865,96
1,72089E+12;1,72097E+12;1,72091E+12;1,7209E+12;0,200824668;0,225954829;0,200580877;0,214451439;9924555,05
1,7208E+12;1,72089E+12;1,72083E+12;1,72081E+12;0,195658771;0,202326597;0,194850923;0,20081363;4306036,96
1,72071E+12;1,7208E+12;1,72078E+12;1,72076E+12;0,189245427;0,198373114;0,18765048;0,195652644;5101637,27
1,72063E+12;1,72071E+12;1,72067E+12;1,72071E+12;0,196022842;0,201143822;0,18871489;0,189245351;4355280,39
1,72054E+12;1,72063E+12;1,72057E+12;1,72055E+12;0,194697594;0,200626364;0,191723711;0,196019583;4838197,39
1,72045E+12;1,72054E+12;1,72051E+12;1,72046E+12;0,192281182;0,197978378;0,190044349;0,194693096;5025599,1
1,72037E+12;1,72045E+12;1,72041E+12;1,72037E+12;0,189853856;0,201804583;0,183646726;0,192296674;5754092,53
1,72028E+12;1,72037E+12;1,72032E+12;1,72033E+12;0,201164168;0,202782631;0,188871931;0,189903594;4554146,31
1,7202E+12;1,72028E+12;1,72026E+12;1,7202E+12;0,184892946;0,204705305;0,181201907;0,201171405;4696579,49
1,72011E+12;1,7202E+12;1,72016E+12;1,72012E+12;0,190245109;0,192673866;0,17188349;0,184883973;8041881,58
1,72002E+12;1,72011E+12;1,72002E+12;1,72011E+12;0,20948122;0,210858635;0,189588639;0,190372459;4006697,57
1,71994E+12;1,72002E+12;1,71994E+12;1,72001E+12;0,225101147;0,22562783;0,206379468;0,209506501;4182307,13
1,71985E+12;1,71994E+12;1,71987E+12;1,71991E+12;0,229219911;0,229741476;0,220768791;0,225097228;2960076,66
1,71976E+12;1,71985E+12;1,71984E+12;1,71982E+12;0,224843764;0,233879387;0,224321048;0,229221749;3871095,45
1,71968E+12;1,71976E+12;1,7197E+12;1,71968E+12;0,21558793;0,227747331;0,21558793;0,224825985;6845216,97
1,71959E+12;1,71968E+12;1,7196E+12;1,71966E+12;0,212418328;0,217789958;0,211919885;0,215599066;3639637,7
1,7195E+12;1,71959E+12;1,71951E+12;1,71958E+12;0,230627808;0,254588347;0,212279569;0,212419846;19589985,89
1,71942E+12;1,7195E+12;1,71948E+12;1,71943E+12;0,20094892;0,255208929;0,199789327;0,230466209;16950964,5
1,71933E+12;1,71942E+12;1,71933E+12;1,71939E+12;0,210277426;0,210361599;0,198257235;0,200959825;4202876,56
1,71924E+12;1,71933E+12;1,71931E+12;1,71925E+12;0,203745796;0,215249794;0,20256971;0,210279033;4261034,86
1,71916E+12;1,71924E+12;1,71924E+12;1,71918E+12;0,189444412;0,203826537;0,183987043;0,203760952;5195354,76
1,71907E+12;1,71916E+12;1,71911E+12;1,71915E+12;0,192954719;0,199601025;0,188532919;0,189469462;3132247,31
1,71899E+12;1,71907E+12;1,71901E+12;1,71907E+12;0,199455871;0,201704304;0,191433008;0,192958652;4683850,84
1,7189E+12;1,71899E+12;1,71891E+12;1,71898E+12;0,208819721;0,215036135;0,199101763;0,19949511;5769408,77
1,71881E+12;1,7189E+12;1,71885E+12;1,7189E+12;0,22175941;0,231561889;0,208311052;0,208839163;4553883,36
1,71873E+12;1,71881E+12;1,71877E+12;1,71873E+12;0,21559739;0,230066257;0,213334175;0,22175941;5586595,95
1,71864E+12;1,71873E+12;1,71864E+12;1,71871E+12;0,231336597;0,232404318;0,209113503;0,215581114;7178144,63
1,71855E+12;1,71864E+12;1,71856E+12;1,71861E+12;0,260645544;0,261653332;0,227228657;0,231345122;5012964,92
1,71847E+12;1,71855E+12;1,71855E+12;1,71848E+12;0,2526303;0,261263711;0,250027555;0,260663621;2480732,57
1,71838E+12;1,71847E+12;1,71845E+12;1,71839E+12;0,252043549;0,256155813;0,246878881;0,252624173;3404182,06
1,71829E+12;1,71838E+12;1,71833E+12;1,71836E+12;0,267085874;0,270779257;0,242662297;0,252050511;5398483,55
1,71821E+12;1,71829E+12;1,71821E+12;1,71829E+12;0,279378078;0,2797069;0,265217929;0,267094908;3749167,06
1,71812E+12;1,71821E+12;1,71819E+12;1,71813E+12;0,271049903;0,289827407;0,265143251;0,279396209;4516092,21
1,71804E+12;1,71812E+12;1,71804E+12;1,71811E+12;0,286271371;0,292802603;0,269593638;0,271053379;6281650,34
1,71795E+12;1,71804E+12;1,71801E+12;1,71798E+12;0,292169464;0,295433902;0,28033393;0,286267864;4054478,58
1,71786E+12;1,71795E+12;1,7179E+12;1,71787E+12;0,289452461;0,294878891;0,286524347;0,292157363;4297873,21
1,71778E+12;1,71786E+12;1,71778E+12;1,71786E+12;0,312855643;0,315077073;0,289099929;0,289435122;6543254,06
1,71769E+12;1,71778E+12;1,71769E+12;1,71776E+12;0,347819134;0,34784762;0,300383212;0,312833106;9279747,62
1,7176E+12;1,71769E+12;1,71767E+12;1,71763E+12;0,332152555;0,35835521;0,323839389;0,34782111;13317464,14
1,71752E+12;1,7176E+12;1,71759E+12;1,71756E+12;0,32857437;0,339477643;0,321237344;0,332152555;8389996,23
1,71743E+12;1,71752E+12;1,71749E+12;1,71743E+12;0,305697543;0,33449776;0,303590891;0,32857437;12133941,88
1,71734E+12;1,71743E+12;1,7174E+12;1,71735E+12;0,299676653;0,319561648;0,297337575;0,305697543;7457828,4
1,71726E+12;1,71734E+12;1,71731E+12;1,71729E+12;0,300821708;0,312023034;0,293721137;0,299676653;6635562,51
1,71717E+12;1,71726E+12;1,71719E+12;1,71721E+12;0,302849806;0,307836719;0,299109637;0,300821708;3545548,54
1,71708E+12;1,71717E+12;1,71716E+12;1,71709E+12;0,29404299;0,310606915;0,28928073;0,302849806;7537219,39
1,717E+12;1,71708E+12;1,71707E+12;1,71703E+12;0,295216888;0,308718269;0,284695902;0,29404299;9023829,07
1,71691E+12;1,717E+12;1,71691E+12;1,71697E+12;0,3077441;0,308776449;0,293484169;0,295216812;4974822,59
1,71683E+12;1,71691E+12;1,71687E+12;1,71684E+12;0,309510588;0,310819243;0,296181875;0,3077441;5080340,02
1,71674E+12;1,71683E+12;1,7168E+12;1,71677E+12;0,305953369;0,314302759;0,300729142;0,309510588;4787790,63
1,71665E+12;1,71674E+12;1,71674E+12;1,71669E+12;0,301228466;0,305977135;0,2954834;0,305953369;4181646,51
1,71657E+12;1,71665E+12;1,7166E+12;1,71664E+12;0,30382958;0,318079867;0,299024137;0,301228466;6390480,47
1,71648E+12;1,71657E+12;1,71656E+12;1,71651E+12;0,282033183;0,306866708;0,276353825;0,303828788;7796737,83
1,71639E+12;1,71648E+12;1,71643E+12;1,71647E+12;0,296399226;0,30526119;0,273523767;0,282033183;7605039,87
1,71631E+12;1,71639E+12;1,71635E+12;1,71632E+12;0,296430002;0,317311992;0,291219376;0,296399226;8560947,2
1,71622E+12;1,71631E+12;1,7163E+12;1,71624E+12;0,287332348;0,29797022;0,284067522;0,296430002;7133160,85
1,71613E+12;1,71622E+12;1,71621E+12;1,71614E+12;0,260722669;0,292492622;0,256936791;0,287332348;7051632,08
1,71605E+12;1,71613E+12;1,71606E+12;1,71613E+12;0,274375752;0,27714502;0,258854873;0,260722669;3665455,34
1,71596E+12;1,71605E+12;1,716E+12;1,71602E+12;0,273769514;0,276740399;0,26848906;0,274374955;3210604,41
1,71588E+12;1,71596E+12;1,7159E+12;1,71588E+12;0,262350747;0,281116772;0,261330616;0,273769514;5502266,97
1,71579E+12;1,71588E+12;1,71579E+12;1,71586E+12;0,272057006;0,273801211;0,257080557;0,262350747;5577719,56
1,7157E+12;1,71579E+12;1,71578E+12;1,71574E+12;0,257048181;0,273929222;0,24369934;0,272052234;10366447,43
1,71562E+12;1,7157E+12;1,71562E+12;1,7157E+12;0,271860324;0,273148306;0,256169925;0,257048181;8257284,55
1,71553E+12;1,71562E+12;1,71559E+12;1,71554E+12;0,276008715;0,28403094;0,26376834;0,271860324;7740399
1,71544E+12;1,71553E+12;1,7155E+12;1,71552E+12;0,280625875;0,283699251;0,274189536;0,276008715;3642199,81
1,71536E+12;1,71544E+12;1,71541E+12;1,7154E+12;0,283725935;0,288615353;0,279577674;0,280626414;3233134,22
1,71527E+12;1,71536E+12;1,71531E+12;1,71534E+12;0,298460175;0,305172213;0,279838639;0,283725935;8581487,05
1,71518E+12;1,71527E+12;1,71524E+12;1,71522E+12;0,28806778;0,303139046;0,282647897;0,298460175;9300199,73
1,7151E+12;1,71518E+12;1,71516E+12;1,71514E+12;0,288241263;0,296707793;0,280175465;0,28806778;7731590,49
1,71501E+12;1,7151E+12;1,71504E+12;1,7151E+12;0,297911279;0,304403345;0,288047178;0,288241263;4955517,55
1,71492E+12;1,71501E+12;1,71496E+12;1,71499E+12;0,309933343;0,320322613;0,296953955;0,297911279;6300840,73
1,71484E+12;1,71492E+12;1,7149E+12;1,71486E+12;0,303768849;0,314573013;0,295562272;0,309933574;5341708,24
1,71475E+12;1,71484E+12;1,71479E+12;1,7148E+12;0,307323759;0,309043097;0,301194687;0,303768849;4761952,55
1,71467E+12;1,71475E+12;1,71475E+12;1,7147E+12;0,296651756;0,30946884;0,286014958;0,307323759;6865497,51
1,71458E+12;1,71467E+12;1,71466E+12;1,71459E+12;0,288925555;0,30235962;0,278817232;0,296651756;7217215,74
1,71449E+12;1,71458E+12;1,71456E+12;1,71452E+12;0,280967132;0,296364299;0,263235161;0,288925555;8859920,18
1,71441E+12;1,71449E+12;1,71441E+12;1,71447E+12;0,298809191;0,301793435;0,26670496;0,280967132;8043750,96
1,71432E+12;1,71441E+12;1,71433E+12;1,71437E+12;0,299703176;0,302418288;0,288639446;0,298807305;6036542,38
1,71423E+12;1,71432E+12;1,71425E+12;1,71432E+12;0,31133474;0,320396844;0,298384231;0,299703176;6456229,07
1,71415E+12;1,71423E+12;1,71421E+12;1,71419E+12;0,312582611;0,315666932;0,300162692;0,31133474;6213909,4
1,71406E+12;1,71415E+12;1,71406E+12;1,71414E+12;0,325080378;0,325796715;0,311048056;0,312582611;5844183,12
1,71397E+12;1,71406E+12;1,71405E+12;1,71402E+12;0,324602375;0,331648125;0,313158121;0,325080378;7090092,18
1,71389E+12;1,71397E+12;1,71393E+12;1,71397E+12;0,345122303;0,357301913;0,320860765;0,324597767;8691963,89
1,7138E+12;1,71389E+12;1,71385E+12;1,71384E+12;0,342713283;0,350623511;0,335101928;0,345122303;6656059,93
1,71372E+12;1,7138E+12;1,7138E+12;1,71372E+12;0,329640503;0,346891483;0,327673426;0,342713283;7542527,75
1,71363E+12;1,71372E+12;1,71364E+12;1,71369E+12;0,335393135;0,339681824;0,322205815;0,329645351;5728437,27
1,71354E+12;1,71363E+12;1,71361E+12;1,71355E+12;0,309496661;0,337905498;0,305240959;0,335393135;5932940,93
1,71346E+12;1,71354E+12;1,71349E+12;1,71347E+12;0,304883544;0,318401732;0,281791886;0,309496661;8438714,26
1,71337E+12;1,71346E+12;1,71343E+12;1,71337E+12;0,29471352;0,309154344;0,288156142;0,304883544;7654539,73
1,71328E+12;1,71337E+12;1,7133E+12;1,71334E+12;0,304992786;0,307706218;0,284933666;0,29471352;8803072,71
1,7132E+12;1,71328E+12;1,71323E+12;1,71326E+12;0,301770946;0,309004463;0,287311645;0,304993224;8937429,97
1,71311E+12;1,7132E+12;1,71314E+12;1,71318E+12;0,31511178;0,33283916;0,291198216;0,301770946;12809137,65
1,71302E+12;1,71311E+12;1,71311E+12;1,71304E+12;0,293887727;0,318706042;0,279992253;0,315043975;14834291,23
1,71294E+12;1,71302E+12;1,71298E+12;1,71302E+12;0,345311148;0,357630921;0,254273946;0,293887727;25763437,79
1,71285E+12;1,71294E+12;1,71287E+12;1,71292E+12;0,43351443;0,440405262;0,328896835;0,345311148;21388501,52
1,71276E+12;1,71285E+12;1,7128E+12;1,71282E+12;0,440833689;0,44861108;0,427914189;0,43351443;7172638,11
1,71268E+12;1,71276E+12;1,71268E+12;1,71272E+12;0,446788012;0,450216902;0,420609471;0,440833689;10979976,56
1,71259E+12;1,71268E+12;1,71261E+12;1,71268E+12;0,479915951;0,486488529;0,444666174;0,446788012;13303236,85
1,71251E+12;1,71259E+12;1,71257E+12;1,71252E+12;0,466243499;0,485759383;0,457410623;0,479927718;15675385,64
1,71242E+12;1,71251E+12;1,7125E+12;1,71242E+12;0,439025501;0,469441888;0,43698529;0,466243499;18168173,24
1,71233E+12;1,71242E+12;1,71242E+12;1,71233E+12;0,418048728;0,442507115;0,415640527;0,439025501;9334976,09
1,71225E+12;1,71233E+12;1,71225E+12;1,71229E+12;0,430945478;0,43115104;0,402693827;0,418048728;8874909,77
1,71216E+12;1,71225E+12;1,71223E+12;1,71218E+12;0,424898036;0,443729493;0,41244104;0,430945478;9939326,69
1,71207E+12;1,71216E+12;1,71211E+12;1,71208E+12;0,417333853;0,443607375;0,401317095;0,424898036;12274286,81
1,71199E+12;1,71207E+12;1,71199E+12;1,71203E+12;0,455465358;0,455809936;0,408689354;0,417333853;15816232,66
1,7119E+12;1,71199E+12;1,7119E+12;1,71197E+12;0,49404486;0,496761203;0,443998419;0,455465358;16006318,59
1,71181E+12;1,7119E+12;1,71189E+12;1,71181E+12;0,485345051;0,496689846;0,483551151;0,49403962;9894695,44
1,71173E+12;1,71181E+12;1,71173E+12;1,71181E+12;0,499428146;0,50448254;0,480978325;0,485345051;14068393,79
1,71164E+12;1,71173E+12;1,71169E+12;1,71167E+12;0,508159437;0,511650722;0,486542687;0,499428146;16298093,67
1,71156E+12;1,71164E+12;1,71159E+12;1,71157E+12;0,510473369;0,518025873;0,497200335;0,508159437;13937952,55
1,71147E+12;1,71156E+12;1,71152E+12;1,71155E+12;0,529883754;0,553853632;0,506851219;0,510473369;22082927,79
1,71138E+12;1,71147E+12;1,71141E+12;1,71144E+12;0,541646415;0,563312948;0,520388648;0,529883754;22327955,66
1,7113E+12;1,71138E+12;1,71136E+12;1,7113E+12;0,526565819;0,556199067;0,524531632;0,541646415;19504168,22
1,71121E+12;1,7113E+12;1,71129E+12;1,71123E+12;0,493542248;0,530875351;0,486363101;0,526565819;15564323,78
1,71112E+12;1,71121E+12;1,71119E+12;1,71114E+12;0,492722481;0,513677425;0,489229583;0,493535997;12077817,1
1,71104E+12;1,71112E+12;1,71107E+12;1,71112E+12;0,515285823;0,531865931;0,47992425;0,492500167;16438313,03
1,71095E+12;1,71104E+12;1,71096E+12;1,71102E+12;0,53140604;0,541520988;0,502379059;0,51531952;17486968,97
1,71086E+12;1,71095E+12;1,71095E+12;1,71088E+12;0,479362553;0,533321644;0,457527192;0,53140604;19696601,4
1,71078E+12;1,71086E+12;1,71078E+12;1,71086E+12;0,548775676;0,552853216;0,466122006;0,479362553;25526009,59
1,71069E+12;1,71078E+12;1,71072E+12;1,71075E+12;0,591667159;0,605082769;0,53914745;0,548775676;21791753,63
1,7106E+12;1,71069E+12;1,71067E+12;1,71063E+12;0,5474875;0,615996383;0,515914972;0,593924575;30409874,57
1,71052E+12;1,7106E+12;1,71055E+12;1,71059E+12;0,602757596;0,622888655;0,529294806;0,5474875;25700001,21
1,71043E+12;1,71052E+12;1,71043E+12;1,71047E+12;0,637037004;0,648894256;0,543717143;0,602757596;39848318,69
1,71035E+12;1,71043E+12;1,71038E+12;1,71042E+12;0,66803134;0,682378337;0,601592339;0,637037004;40866613,85
1,71026E+12;1,71035E+12;1,71029E+12;1,71026E+12;0,62810634;0,72786107;0,620980803;0,66803134;57100998,93
1,71017E+12;1,71026E+12;1,71017E+12;1,71024E+12;0,685220203;0,693958968;0,601625972;0,62810634;55663938,11
1,71009E+12;1,71017E+12;1,71016E+12;1,71009E+12;0,540130744;0,714011661;0,518702226;0,685220203;125379224,9
1,71E+12;1,71009E+12;1,71003E+12;1,71001E+12;0,502295012;0,547962279;0,492914914;0,540126368;45849139,16
1,70991E+12;1,71E+12;1,71E+12;1,70999E+12;0,485780632;0,50673643;0,482332351;0,502293475;24549617,84
1,70983E+12;1,70991E+12;1,70983E+12;1,70989E+12;0,512356296;0,520424098;0,472622319;0,485780632;20863683,6
1,70974E+12;1,70983E+12;1,70974E+12;1,70976E+12;0,50169663;0,5177055;0,491591726;0,51236869;20056958,87
1,70965E+12;1,70974E+12;1,70974E+12;1,70967E+12;0,451001965;0,502421348;0,430388676;0,50169663;24102365,16
1,70957E+12;1,70965E+12;1,70961E+12;1,70964E+12;0,493091034;0,517710001;0,374556484;0,451000366;38250162,2
1,70948E+12;1,70957E+12;1,70948E+12;1,70955E+12;0,513120022;0,521881454;0,47924379;0,49307453;26457659,93
1,7094E+12;1,70948E+12;1,70948E+12;1,70942E+12;0,508254323;0,522236735;0,468223998;0,513183501;23721475,49
1,70931E+12;1,7094E+12;1,70939E+12;1,70931E+12;0,481722738;0,508290605;0,475785537;0,508246366;17423869,81
1,70922E+12;1,70931E+12;1,70927E+12;1,70928E+12;0,462330339;0,486036397;0,458571044;0,48175179;15731583,1
1,70914E+12;1,70922E+12;1,70919E+12;1,70914E+12;0,451975808;0,492701874;0,448090893;0,462528359;22434993,1
1,70905E+12;1,70914E+12;1,70911E+12;1,70911E+12;0,455471226;0,469728104;0,413819255;0,451917323;23325426,94
1,70896E+12;1,70905E+12;1,70905E+12;1,70902E+12;0,447608048;0,462338313;0,441420215;0,455458729;15605937,4
1,70888E+12;1,70896E+12;1,70895E+12;1,70892E+12;0,433956677;0,452553126;0,421042449;0,447596829;11741568,25
1,70879E+12;1,70888E+12;1,70881E+12;1,70885E+12;0,438534072;0,441984258;0,428793277;0,434023299;9024568,25
1,7087E+12;1,70879E+12;1,70879E+12;1,70871E+12;0,421426089;0,445253549;0,411539546;0,438523987;8590717,63
1,70862E+12;1,7087E+12;1,70862E+12;1,7087E+12;0,434174563;0,441659574;0,417840205;0,421396613;9519674,52
1,70853E+12;1,70862E+12;1,70857E+12;1,70854E+12;0,432348041;0,452889283;0,418927796;0,434155722;10297646,17
1,70844E+12;1,70853E+12;1,70845E+12;1,70851E+12;0,450280194;0,452622792;0,414447586;0,432255607;9721438,8
1,70836E+12;1,70844E+12;1,70836E+12;1,70841E+12;0,470087233;0,473780546;0,430700934;0,450262444;14282172,65
1,70827E+12;1,70836E+12;1,70836E+12;1,70833E+12;0,443260094;0,474475852;0,440511186;0,470087233;14330091,82
1,70819E+12;1,70827E+12;1,70827E+12;1,7082E+12;0,436774222;0,446316206;0,431451608;0,443161746;9430268,74
1,7081E+12;1,70819E+12;1,7081E+12;1,70815E+12;0,439382153;0,442053486;0,416159264;0,436749918;8066918,32
1,70801E+12;1,7081E+12;1,70804E+12;1,70802E+12;0,426139152;0,447964066;0,423041838;0,439382153;12444158,06
1,70793E+12;1,70801E+12;1,70798E+12;1,70793E+12;0,419882483;0,443870219;0,417049031;0,426131982;14078734,34
1,70784E+12;1,70793E+12;1,70792E+12;1,70785E+12;0,397036518;0,420309481;0,392867582;0,41981861;10611607,76
1,70775E+12;1,70784E+12;1,70778E+12;1,70781E+12;0,389321549;0,405140072;0,384719173;0,397020956;10853346,03
1,70767E+12;1,70775E+12;1,70775E+12;1,70771E+12;0,37380163;0,389608477;0,362098964;0,389335855;7067056,28
1,70758E+12;1,70767E+12;1,70761E+12;1,70765E+12;0,380268944;0,385318687;0,371950634;0,373841073;6451874,92
1,70749E+12;1,70758E+12;1,70751E+12;1,70754E+12;0,38685065;0,393304891;0,378739697;0,380401437;6472894,5
1,70741E+12;1,70749E+12;1,70745E+12;1,70743E+12;0,385226771;0,394830025;0,382371335;0,386848186;7985173,89
1,70732E+12;1,70741E+12;1,70738E+12;1,70732E+12;0,376885793;0,390951035;0,376786305;0,385226771;6436586,91
1,70724E+12;1,70732E+12;1,70731E+12;1,70724E+12;0,366096262;0,384238379;0,363455135;0,376908292;7581826,55
1,70715E+12;1,70724E+12;1,70723E+12;1,7072E+12;0,357748649;0,366443781;0,353242947;0,366052383;4939006,91
1,70706E+12;1,70715E+12;1,70711E+12;1,70707E+12;0,34243651;0,367843024;0,338200328;0,357772346;6931063,47
1,70698E+12;1,70706E+12;1,70705E+12;1,70701E+12;0,347368738;0,349286272;0,340193787;0,34240422;3493592,49
1,70689E+12;1,70698E+12;1,70689E+12;1,70698E+12;0,354912305;0,356711372;0,346656852;0,347384174;3199130,74
1,7068E+12;1,70689E+12;1,70687E+12;1,70685E+12;0,349459406;0,358445389;0,34597173;0,354911392;5204198,96
1,70672E+12;1,7068E+12;1,70672E+12;1,7068E+12;0,355494807;0,358954328;0,343814643;0,349450291;6531433,42
1,70663E+12;1,70672E+12;1,70663E+12;1,70669E+12;0,370478734;0,371281265;0,353158404;0,355581866;6030192,93
1,70654E+12;1,70663E+12;1,70654E+12;1,70663E+12;0,387290401;0,387336456;0,369487678;0,370561698;6042641,78
1,70646E+12;1,70654E+12;1,70654E+12;1,70651E+12;0,375988353;0,392118116;0,371382204;0,387290401;6525768,09
1,70637E+12;1,70646E+12;1,70638E+12;1,70644E+12;0,383851441;0,387003822;0,368105445;0,375854398;5096466,86
1,70628E+12;1,70637E+12;1,70636E+12;1,70632E+12;0,376685978;0,386786924;0,37418946;0,383838056;6020240,22
1,7062E+12;1,70628E+12;1,70627E+12;1,7062E+12;0,35378728;0,37712074;0,350193902;0,376862075;6301401,98
1,70611E+12;1,7062E+12;1,70611E+12;1,70617E+12;0,35681307;0,358051879;0,343858176;0,353800284;4821097,17
1,70603E+12;1,70611E+12;1,70606E+12;1,70604E+12;0,352038504;0,361130741;0,345403102;0,356807231;6202609,27
1,70594E+12;1,70603E+12;1,70596E+12;1,70599E+12;0,35277054;0,359048991;0,32735634;0,352035679;8292246,13
1,70585E+12;1,70594E+12;1,70585E+12;1,70592E+12;0,375524542;0,37937886;0,347341325;0,352764275;7332755,9
1,70577E+12;1,70585E+12;1,70579E+12;1,70585E+12;0,380115338;0,385085719;0,375390392;0,375390392;5029305,32
1,70568E+12;1,70577E+12;1,70576E+12;1,70568E+12;0,373377958;0,385709033;0,367871681;0,380115338;5552478,73
1,70559E+12;1,70568E+12;1,70559E+12;1,70565E+12;0,388368782;0,39014835;0,355254354;0,373366849;9453036,91
1,70551E+12;1,70559E+12;1,70553E+12;1,70558E+12;0,407778679;0,414171604;0,381200365;0,388368782;8917775,12
1,70542E+12;1,70551E+12;1,70543E+12;1,70548E+12;0,42531573;0,427372952;0,403947683;0,407769186;6839455,78
1,70533E+12;1,70542E+12;1,70541E+12;1,70539E+12;0,411886515;0,4292511;0,400750778;0,42527339;8280679,31
1,70525E+12;1,70533E+12;1,70532E+12;1,70525E+12;0,391925216;0,419620144;0,391925216;0,411896454;9324548,01
1,70516E+12;1,70525E+12;1,70516E+12;1,70525E+12;0,41382436;0,415569826;0,391941561;0,391944146;7139802,16
1,70508E+12;1,70516E+12;1,7051E+12;1,70508E+12;0,408044006;0,429322648;0,399108836;0,41382436;8503683,87
1,70499E+12;1,70508E+12;1,705E+12;1,70507E+12;0,437323681;0,43796837;0,398390405;0,408091651;12937495,49
1,7049E+12;1,70499E+12;1,70495E+12;1,70496E+12;0,441194907;0,467108563;0,436193818;0,437269128;18650382,89
1,70482E+12;1,7049E+12;1,7049E+12;1,70487E+12;0,386973629;0,448828092;0,382544726;0,441183364;16945514,18
1,70473E+12;1,70482E+12;1,70473E+12;1,70481E+12;0,407618401;0,409595755;0,369559056;0,386646574;9975780,89
1,70464E+12;1,70473E+12;1,70473E+12;1,70466E+12;0,377023189;0,409722508;0,347489337;0,407476588;12677865,25
1,70456E+12;1,70464E+12;1,70458E+12;1,70464E+12;0,397640643;0,411871612;0,374057503;0,377026222;9795491,51
1,70447E+12;1,70456E+12;1,70447E+12;1,7045E+12;0,416319874;0,416596002;0,382331361;0,397539311;10530270,75
1,70438E+12;1,70447E+12;1,70439E+12;1,70445E+12;0,450707906;0,455126297;0,401121924;0,416286604;12523842,6
1,7043E+12;1,70438E+12;1,70437E+12;1,70434E+12;0,443803038;0,46049762;0,429954405;0,450720107;14316271,14
1,70421E+12;1,7043E+12;1,70424E+12;1,70426E+12;0,47162267;0,490827703;0,368015773;0,443928556;28728057,97
1,70412E+12;1,70421E+12;1,70416E+12;1,70413E+12;0,47131625;0,500115659;0,466536908;0,471631375;19821079,43
1,70404E+12;1,70412E+12;1,70412E+12;1,70406E+12;0,446734096;0,471699122;0,44070887;0,471297625;9757158,21
1,70395E+12;1,70404E+12;1,70402E+12;1,70403E+12;0,457926597;0,475900351;0,44314385;0,446707135;11144089,15
1,70387E+12;1,70395E+12;1,70388E+12;1,7039E+12;0,459363016;0,469141316;0,440177749;0,457977628;12332027,53
1,70378E+12;1,70387E+12;1,70383E+12;1,70379E+12;0,464171022;0,504040426;0,446477752;0,459272575;33786604,67
1,70369E+12;1,70378E+12;1,7037E+12;1,70375E+12;0,487162419;0,496797739;0,450918058;0,464170286;18365011,71
1,70361E+12;1,70369E+12;1,70361E+12;1,70369E+12;0,517735999;0,518186762;0,483164354;0,487081595;16927579,22
1,70352E+12;1,70361E+12;1,70356E+12;1,70358E+12;0,541983323;0,576031022;0,506331475;0,517723826;38129371,11
1,70343E+12;1,70352E+12;1,70346E+12;1,70349E+12;0,548727448;0,584070917;0,513063572;0,541789674;50900759,32
1,70335E+12;1,70343E+12;1,7034E+12;1,70337E+12;0,510286648;0,630450203;0,484516291;0,548542657;173633054,7
1,70326E+12;1,70335E+12;1,70334E+12;1,70328E+12;0,377191292;0,538049045;0,36028691;0,51126309;114017550,1
1,70317E+12;1,70326E+12;1,70324E+12;1,70321E+12;0,365713493;0,391127213;0,359007284;0,377185546;22278590,44
1,70309E+12;1,70317E+12;1,70317E+12;1,70309E+12;0,322049252;0,370222494;0,321088132;0,365538789;17138982,57
1,703E+12;1,70309E+12;1,70307E+12;1,70301E+12;0,311887259;0,326217682;0,310257058;0,322049028;7364648,88
1,70292E+12;1,703E+12;1,70292E+12;1,703E+12;0,324847728;0,328008995;0,310180396;0,311893833;8702124,55
1,70283E+12;1,70292E+12;1,70286E+12;1,70287E+12;0,311993896;0,35472829;0,30718463;0,324875848;24365760,67
1,70274E+12;1,70283E+12;1,70275E+12;1,70283E+12;0,32383199;0,326613348;0,311295744;0,312178183;12068253,95
1,70266E+12;1,70274E+12;1,70272E+12;1,70266E+12;0,317523172;0,334793375;0,313655506;0,323834205;15042568,8
1,70257E+12;1,70266E+12;1,70257E+12;1,70266E+12;0,347127455;0,347127455;0,317510135;0,317513553;16114991,57
1,70248E+12;1,70257E+12;1,70256E+12;1,70253E+12;0,346495333;0,35631319;0,330466073;0,347132209;17472751,16
1,7024E+12;1,70248E+12;1,70248E+12;1,70244E+12;0,34039015;0,351624677;0,315537267;0,346494864;15987419,71
1,70231E+12;1,7024E+12;1,70234E+12;1,70231E+12;0,327579638;0,34889797;0,325894629;0,340355078;19953628,58
1,70222E+12;1,70231E+12;1,70222E+12;1,70223E+12;0,339814988;0,33999101;0,303120811;0,327581512;20064839,08
1,70214E+12;1,70222E+12;1,70221E+12;1,70217E+12;0,33615193;0,343333364;0,324276212;0,339718464;15437167,71
1,70205E+12;1,70214E+12;1,70205E+12;1,70214E+12;0,33488793;0,350963716;0,334635036;0,336164302;20804806,28
1,70196E+12;1,70205E+12;1,70204E+12;1,70198E+12;0,318600099;0,338932292;0,31742426;0,334876255;17452104,67
1,70188E+12;1,70196E+12;1,70194E+12;1,70191E+12;0,309941684;0,324624055;0,300683316;0,318653281;16370157,01
1,70179E+12;1,70188E+12;1,70185E+12;1,70183E+12;0,315124577;0,335289745;0,302113798;0,309913873;22293531,36
1,70171E+12;1,70179E+12;1,70173E+12;1,70176E+12;0,310751471;0,320028633;0,302871141;0,315149651;23676211,21
1,70162E+12;1,70171E+12;1,7017E+12;1,70166E+12;0,274149941;0,311331016;0,270787966;0,310721199;21882605,68
1,70153E+12;1,70162E+12;1,70154E+12;1,70159E+12;0,277042537;0,278577393;0,268087949;0,274157478;9512186
1,70145E+12;1,70153E+12;1,70153E+12;1,70151E+12;0,278094173;0,280417905;0,273499845;0,277015768;8230659,7
1,70136E+12;1,70145E+12;1,70142E+12;1,70139E+12;0,272430026;0,279287676;0,269537067;0,27801595;11393134,53
1,70127E+12;1,70136E+12;1,70134E+12;1,70128E+12;0,260622797;0,273380159;0,257596111;0,272434282;10943644,95
1,70119E+12;1,70127E+12;1,70122E+12;1,70127E+12;0,265484277;0,269641646;0,258743003;0,260644432;10024014,96
1,7011E+12;1,70119E+12;1,7011E+12;1,70112E+12;0,26499188;0,267936117;0,25709999;0,265469812;11654139,67
1,70101E+12;1,7011E+12;1,70102E+12;1,70109E+12;0,291538876;0,294801113;0,260807013;0,26478425;17806045,33
1,70093E+12;1,70101E+12;1,701E+12;1,70094E+12;0,271433312;0,293862007;0,269707017;0,291585655;19744870,12
1,70084E+12;1,70093E+12;1,70088E+12;1,70084E+12;0,264893743;0,274536969;0,263609158;0,271430983;11435754,78
1,70076E+12;1,70084E+12;1,70082E+12;1,70076E+12;0,24815991;0,268877576;0,247473313;0,264898986;12977832,7
1,70067E+12;1,70076E+12;1,70071E+12;1,70072E+12;0,247354943;0,251910963;0,245394409;0,248166985;8601465,45
1,70058E+12;1,70067E+12;1,70066E+12;1,70058E+12;0,227331008;0,251671042;0,226654995;0,247351919;10157253,5
1,7005E+12;1,70058E+12;1,70054E+12;1,70058E+12;0,251569364;0,25979852;0,227510102;0,227510102;18050548,78
1,70041E+12;1,7005E+12;1,70046E+12;1,70043E+12;0,251230661;0,257278069;0,248437057;0,251952457;11509038,88
1,70032E+12;1,70041E+12;1,70041E+12;1,70033E+12;0,244517487;0,251401723;0,238471915;0,251260759;9001783,93
1,70024E+12;1,70032E+12;1,70024E+12;1,70026E+12;0,249828064;0,250544288;0,234022923;0,244506439;9329137,34
1,70015E+12;1,70024E+12;1,70016E+12;1,70021E+12;0,253718946;0,261261714;0,239727482;0,249808438;12267023,28
1,70006E+12;1,70015E+12;1,70009E+12;1,70013E+12;0,261737152;0,272532928;0,249212135;0,253793644;15575526,9
1,69998E+12;1,70006E+12;1,70002E+12;1,69998E+12;0,248204177;0,267420716;0,248016383;0,261688311;16299293,12
1,69989E+12;1,69998E+12;1,69992E+12;1,69996E+12;0,254636187;0,257521784;0,237490522;0,248184419;15505395,18
1,6998E+12;1,69989E+12;1,69981E+12;1,69989E+12;0,279695077;0,2846218;0,254714729;0,254714729;16652665,61
1,69972E+12;1,6998E+12;1,69976E+12;1,69972E+12;0,275972524;0,294782083;0,2652371;0,279711787;19319073,1
1,69963E+12;1,69972E+12;1,69963E+12;1,69965E+12;0,282658768;0,284461477;0,266987004;0,275898157;17385904,86
1,69955E+12;1,69963E+12;1,69957E+12;1,6996E+12;0,275812607;0,291795053;0,267488703;0,282642468;23205865,61
1,69946E+12;1,69955E+12;1,69954E+12;1,69952E+12;0,261671776;0,276287996;0,241984919;0,275925662;30693778,76
1,69937E+12;1,69946E+12;1,69942E+12;1,69939E+12;0,242780914;0,267623658;0,236807733;0,261660533;36298341,87
1,69929E+12;1,69937E+12;1,69937E+12;1,69932E+12;0,232091037;0,242858697;0,224314703;0,242858697;21616873,06
1,6992E+12;1,69929E+12;1,69927E+12;1,69923E+12;0,226185959;0,233776341;0,221820277;0,232090366;11225437,68
1,69911E+12;1,6992E+12;1,69916E+12;1,69911E+12;0,219839171;0,2297048;0,21845661;0,226176493;10999129,95
1,69903E+12;1,69911E+12;1,69907E+12;1,69903E+12;0,210908401;0,223367667;0,209608661;0,219607553;9243102,69
1,69877E+12;1,69885E+12;1,69885E+12;1,69881E+12;0,204943772;0,212968423;0,194520225;0,211546146;8469260,01
1,69868E+12;1,69877E+12;1,69868E+12;1,69874E+12;0,21162231;0,214481193;0,198607727;0,204946262;9195357,4
1,6986E+12;1,69868E+12;1,69864E+12;1,6986E+12;0,205772817;0,212829087;0,204480124;0,21158547;8265879,44
1,69851E+12;1,6986E+12;1,69859E+12;1,69851E+12;0,201624896;0,207695447;0,198901383;0,205792167;6214365,82
1,69842E+12;1,69851E+12;1,69846E+12;1,69842E+12;0,195251851;0,204151765;0,195108671;0,20162337;5816047,38
1,69834E+12;1,69842E+12;1,69834E+12;1,6984E+12;0,202046993;0,202049247;0,192869923;0,195246421;7740742,66
1,69825E+12;1,69834E+12;1,69828E+12;1,69831E+12;0,206479534;0,211049884;0,195040387;0,202048056;12940100,43
1,69816E+12;1,69825E+12;1,69822E+12;1,69817E+12;0,193824963;0,211287627;0,191727531;0,206473944;16387395,07
1,69808E+12;1,69816E+12;1,69812E+12;1,69813E+12;0,18689371;0,2015673;0,185871657;0,193735635;14164498,82
1,69799E+12;1,69808E+12;1,69807E+12;1,69804E+12;0,181611387;0,188163421;0,175907934;0,186877415;8723476,1
1,6979E+12;1,69799E+12;1,69799E+12;1,69796E+12;0,177694263;0,181461701;0,17588224;0,181200336;5155147,74
1,69782E+12;1,6979E+12;1,69788E+12;1,69782E+12;0,17283441;0,181585715;0,172617819;0,177695141;4335820,41
1,69773E+12;1,69782E+12;1,69777E+12;1,69774E+12;0,168210115;0,176899745;0,166696596;0,172826311;7777573,66
1,69764E+12;1,69773E+12;1,69772E+12;1,69765E+12;0,164678377;0,170232682;0,161056755;0,168198213;6574625,63
1,69756E+12;1,69764E+12;1,69758E+12;1,69764E+12;0,168872898;0,169589125;0,163537489;0,164685586;6149729,04
1,69747E+12;1,69756E+12;1,69747E+12;1,69754E+12;0,181402123;0,18142493;0,167974069;0,168845193;8515150,24
1,69739E+12;1,69747E+12;1,69742E+12;1,69744E+12;0,181554764;0,183881987;0,179867102;0,181404502;6115821,66
1,6973E+12;1,69739E+12;1,6973E+12;1,69736E+12;0,185088072;0,185129281;0,180241589;0,181555606;6218625,86
1,69721E+12;1,6973E+12;1,69724E+12;1,69727E+12;0,184036638;0,188414068;0,182519946;0,18509489;5258589,17
1,69713E+12;1,69721E+12;1,6972E+12;1,69715E+12;0,180613499;0,185545067;0,179118016;0,184036148;6820136,37
1,69704E+12;1,69713E+12;1,69707E+12;1,6971E+12;0,181545742;0,183039365;0,178260509;0,180624702;5631716,03
1,69695E+12;1,69704E+12;1,69695E+12;1,69702E+12;0,184454333;0,184826338;0,177794573;0,181544931;6275823,26
1,69687E+12;1,69695E+12;1,69687E+12;1,69695E+12;0,192848405;0,192868202;0,184298706;0,184470589;7134248,22
1,69678E+12;1,69687E+12;1,69678E+12;1,69684E+12;0,211434515;0,211583853;0,187902109;0,192867483;12132907,12
1,69669E+12;1,69678E+12;1,69675E+12;1,6967E+12;0,202153097;0,218934985;0,1999879;0,211462774;21579385,69
1,69661E+12;1,69669E+12;1,69666E+12;1,69664E+12;0,199453313;0,208790804;0,197021475;0,202145565;10427151,31
1,69652E+12;1,69661E+12;1,69659E+12;1,69657E+12;0,1975992;0,203042051;0,19665684;0,199461822;7281411,52
1,69644E+12;1,69652E+12;1,69644E+12;1,6965E+12;0,20050673;0,211911626;0,196471152;0,197591325;13154165,14
1,69635E+12;1,69644E+12;1,69635E+12;1,69635E+12;0,208592239;0,208976652;0,19415925;0,200472208;16460387,31
1,69626E+12;1,69635E+12;1,69626E+12;1,69635E+12;0,222907579;0,222907579;0,208544079;0,208580551;12641565,82
1,69618E+12;1,69626E+12;1,69618E+12;1,69625E+12;0,237712657;0,23797232;0,2183926;0,222916459;15244391,17
1,69609E+12;1,69618E+12;1,69617E+12;1,69615E+12;0,234205303;0,239566692;0,230816758;0,237716171;14231884,06
1,696E+12;1,69609E+12;1,69603E+12;1,69601E+12;0,233924146;0,236227919;0,227892179;0,234077334;14712191,54
1,69592E+12;1,696E+12;1,69594E+12;1,69599E+12;0,247533634;0,258978659;0,232718364;0,23399298;27257082,18
1,69583E+12;1,69592E+12;1,69584E+12;1,69588E+12;0,253317804;0,256956094;0,233170096;0,247458484;40794307,74
1,69574E+12;1,69583E+12;1,69577E+12;1,69576E+12;0,236710264;0,276666963;0,229178403;0,253368212;92485272,6
1,69566E+12;1,69574E+12;1,69566E+12;1,69567E+12;0,24344;0,255097063;0,221664762;0,236757846;61503264,92
1,69557E+12;1,69566E+12;1,6956E+12;1,69559E+12;0,167248724;0,263430114;0,164709959;0,243374937;120116993,4
1,69548E+12;1,69557E+12;1,69557E+12;1,69549E+12;0,166105394;0,170482429;0,165091803;0,167242693;2939493,31
1,69531E+12;1,6954E+12;1,69535E+12;1,69531E+12;0,161487232;0,163589278;0,160586798;0,16224062;1747328,57
1,69488E+12;1,69497E+12;1,69488E+12;1,69496E+12;0,170535896;0,170599734;0,164150093;0,164973743;1342920,24
1,69479E+12;1,69488E+12;1,69486E+12;1,6948E+12;0,169832619;0,172035431;0,169306213;0,170538338;1621644,09
1,69471E+12;1,69479E+12;1,69479E+12;1,69473E+12;0,167401468;0,169941408;0,164648004;0,16983382;1558303,83
1,69462E+12;1,69471E+12;1,69469E+12;1,69464E+12;0,165035635;0,168131947;0,164018641;0,167374363;1692499,39
1,69453E+12;1,69462E+12;1,69456E+12;1,69456E+12;0,166344538;0,168236025;0,164328672;0,165033349;1491959,05
1,69445E+12;1,69453E+12;1,69449E+12;1,69445E+12;0,163559505;0,169154123;0,163192177;0,166174431;2264670,11
1,69436E+12;1,69445E+12;1,69436E+12;1,69444E+12;0,17805785;0,17848087;0,162792534;0,16354712;3821332,15
1,69428E+12;1,69436E+12;1,69428E+12;1,69434E+12;0,182052913;0,182169502;0,175302835;0,178056669;2706235,93
1,69419E+12;1,69428E+12;1,69422E+12;1,69427E+12;0,182905982;0,184509052;0,181789464;0,182049877;1223425,44
1,6941E+12;1,69419E+12;1,69412E+12;1,69416E+12;0,184221776;0,186247336;0,181664737;0,182907255;1721848,52
1,69402E+12;1,6941E+12;1,6941E+12;1,69406E+12;0,182573099;0,186345905;0,180030253;0,183869515;4279279,99
1,69393E+12;1,69402E+12;1,69399E+12;1,69398E+12;0,182350512;0,184680035;0,179967222;0,18256059;2612850,99
1,69384E+12;1,69393E+12;1,69384E+12;1,69387E+12;0,182735166;0,183380838;0,18051082;0,182347244;1714483,12
1,69376E+12;1,69384E+12;1,69376E+12;1,69381E+12;0,185663645;0,18699049;0,182121512;0,182725939;1647950,02
1,69367E+12;1,69376E+12;1,69371E+12;1,69373E+12;0,186462813;0,187467446;0,184156672;0,185687028;1237243,54
1,69358E+12;1,69367E+12;1,69364E+12;1,69365E+12;0,185610508;0,186785555;0,183283394;0,186455323;1884646,82
1,6935E+12;1,69358E+12;1,6935E+12;1,69356E+12;0,190296131;0,191448604;0,182744705;0,185608247;1868895,9
1,69341E+12;1,6935E+12;1,69345E+12;1,69349E+12;0,196188302;0,197261755;0,188923807;0,190292192;2008064,41
1,69332E+12;1,69341E+12;1,69333E+12;1,69341E+12;0,203984787;0,204239053;0,195871106;0,196187606;1928092,83
1,69324E+12;1,69332E+12;1,69329E+12;1,69324E+12;0,198769758;0,207610499;0,198518275;0,203988649;2384756,45
1,69315E+12;1,69324E+12;1,6932E+12;1,69317E+12;0,199318933;0,200244522;0,196892241;0,198772612;1667818,55
1,69307E+12;1,69315E+12;1,69311E+12;1,69309E+12;0,19897668;0,199919932;0,19706168;0,19931963;1458694,22
1,69298E+12;1,69307E+12;1,69303E+12;1,69298E+12;0,194986555;0,200086324;0,194767889;0,198982972;1600878,61
1,69289E+12;1,69298E+12;1,69297E+12;1,69291E+12;0,19425634;0,195808812;0,191919251;0,194982923;1301095,9
1,69281E+12;1,69289E+12;1,69283E+12;1,69289E+12;0,198131442;0,199096816;0,19309647;0,194246048;1273975,91
1,69272E+12;1,69281E+12;1,69278E+12;1,69277E+12;0,194365689;0,199542874;0,192152662;0,198108953;1713532,13
1,69263E+12;1,69272E+12;1,69266E+12;1,69271E+12;0,196220253;0,197143027;0,189124772;0,194343762;1573615,8
1,69255E+12;1,69263E+12;1,69256E+12;1,69261E+12;0,200691338;0,201196016;0,195571787;0,196219454;1409412,89
1,69246E+12;1,69255E+12;1,69247E+12;1,69252E+12;0,202092075;0,202412219;0,199573453;0,200692512;1080624,54
1,69237E+12;1,69246E+12;1,69244E+12;1,69238E+12;0,201178539;0,202704298;0,198804919;0,202088557;1497723,21
1,69229E+12;1,69237E+12;1,69232E+12;1,6923E+12;0,199052506;0,20219178;0,196576333;0,201164241;2483478,64
1,6922E+12;1,69229E+12;1,69225E+12;1,69228E+12;0,206837805;0,210921406;0,192193772;0,199039834;3816980,03
1,69212E+12;1,6922E+12;1,69213E+12;1,69219E+12;0,218958705;0,219078932;0,204860644;0,206835824;2843634,65
1,69203E+12;1,69212E+12;1,69203E+12;1,6921E+12;0,229373575;0,229373575;0,213195947;0,218960874;2999475,03
1,69194E+12;1,69203E+12;1,69195E+12;1,69202E+12;0,231527448;0,232149069;0,22828573;0,229362763;2306842,68
1,69186E+12;1,69194E+12;1,69193E+12;1,69194E+12;0,232278324;0,234618957;0,231064506;0,231547737;1464075,65
1,69177E+12;1,69186E+12;1,6918E+12;1,69185E+12;0,233514095;0,23562651;0,232173253;0,232299309;1679860,88
1,69168E+12;1,69177E+12;1,69171E+12;1,69174E+12;0,234063746;0,235414503;0,232687536;0,233513158;1664800,91
1,6916E+12;1,69168E+12;1,69162E+12;1,69168E+12;0,237584329;0,242928419;0,233814081;0,234067883;4078349,45
1,69151E+12;1,6916E+12;1,69156E+12;1,69152E+12;0,230618461;0,239944344;0,229597594;0,23757893;4250395,85
1,69142E+12;1,69151E+12;1,69147E+12;1,69151E+12;0,232246141;0,233628489;0,229826255;0,230644546;2404037,7
1,69134E+12;1,69142E+12;1,69138E+12;1,69137E+12;0,227900405;0,233460917;0,227159055;0,23225167;4630524,26
1,69125E+12;1,69134E+12;1,69128E+12;1,69132E+12;0,227444431;0,229837024;0,225962031;0,227891329;2346994,06
1,69116E+12;1,69125E+12;1,69118E+12;1,69122E+12;0,227630373;0,229432754;0,225168021;0,227465016;1754695,46
1,69108E+12;1,69116E+12;1,69111E+12;1,69115E+12;0,227996385;0,230269769;0,225539874;0,227581119;2670458,95
1,69099E+12;1,69108E+12;1,69105E+12;1,69104E+12;0,227828497;0,229616846;0,225272698;0,228006368;1632635,12
1,69091E+12;1,69099E+12;1,69091E+12;1,69099E+12;0,231625855;0,233488611;0,227706151;0,227818441;1662836,31
1,69082E+12;1,69091E+12;1,69091E+12;1,69083E+12;0,229900698;0,231655449;0,225541106;0,231655449;2100619,48
1,69073E+12;1,69082E+12;1,69074E+12;1,69081E+12;0,230993729;0,232606902;0,227331125;0,229887293;1859031,57
1,69065E+12;1,69073E+12;1,69065E+12;1,69072E+12;0,233438948;0,234524226;0,227896512;0,231033227;1963226,09
1,69056E+12;1,69065E+12;1,69064E+12;1,69061E+12;0,230718968;0,234745469;0,230284044;0,233449672;1781002,2
1,69047E+12;1,69056E+12;1,69053E+12;1,69051E+12;0,228722866;0,232157829;0,22727519;0,230736728;1678694,64
1,69039E+12;1,69047E+12;1,69042E+12;1,69046E+12;0,230338649;0,23546889;0,226982441;0,228721135;2821314,14
1,6903E+12;1,69039E+12;1,69038E+12;1,69031E+12;0,230183746;0,231507231;0,227696737;0,23028583;1775091,81
1,69021E+12;1,6903E+12;1,69026E+12;1,69029E+12;0,230731164;0,232627801;0,228224617;0,23019623;2548964,93
1,69013E+12;1,69021E+12;1,69013E+12;1,69021E+12;0,245387019;0,245452731;0,230641016;0,230735766;2478531,7
1,69004E+12;1,69013E+12;1,69011E+12;1,69004E+12;0,240372035;0,249680347;0,240132893;0,245377789;2500582,24
1,68996E+12;1,69004E+12;1,68996E+12;1,69004E+12;0,250833488;0,251939214;0,239693243;0,240309733;2044657,92
1,68987E+12;1,68996E+12;1,68992E+12;1,68987E+12;0,240895877;0,262583477;0,239846587;0,25083049;5192903,97
1,68978E+12;1,68987E+12;1,68983E+12;1,68984E+12;0,238906;0,244852201;0,237892121;0,240885191;2466179,71
1,6897E+12;1,68978E+12;1,68971E+12;1,68977E+12;0,240259781;0,243521032;0,238314654;0,23885123;1585532,99
1,68961E+12;1,6897E+12;1,68963E+12;1,68968E+12;0,242215383;0,246136713;0,238731151;0,240300494;1844558,64
1,68952E+12;1,68961E+12;1,68961E+12;1,68959E+12;0,239914275;0,242737436;0,235619689;0,242441508;2068776,66
1,68944E+12;1,68952E+12;1,68949E+12;1,68952E+12;0,242819244;0,244148326;0,238616412;0,239906235;1790496,85
1,68935E+12;1,68944E+12;1,68938E+12;1,68943E+12;0,249703548;0,251266682;0,241961918;0,242832014;2311336,84
1,68926E+12;1,68935E+12;1,68932E+12;1,68934E+12;0,257054031;0,260587475;0,24530713;0,249714613;3665475,39
1,68918E+12;1,68926E+12;1,68926E+12;1,68919E+12;0,238781997;0,257241368;0,236159458;0,257029974;3258523,32
1,68909E+12;1,68918E+12;1,68915E+12;1,68916E+12;0,239209103;0,241861162;0,236817715;0,23874988;1934907,89
1,689E+12;1,68909E+12;1,68903E+12;1,68907E+12;0,240713067;0,241781605;0,238004196;0,239207242;1632550,36
1,68892E+12;1,689E+12;1,68899E+12;1,68895E+12;0,241337156;0,243486871;0,235204481;0,240689963;2227185,19
1,68883E+12;1,68892E+12;1,68887E+12;1,68891E+12;0,242342788;0,244767008;0,239960863;0,241298917;1399365,32
1,68875E+12;1,68883E+12;1,68878E+12;1,68882E+12;0,242976748;0,245464509;0,239556975;0,242338502;1450520,56
1,68866E+12;1,68875E+12;1,68868E+12;1,68873E+12;0,244022267;0,245316018;0,241004641;0,242921073;1803816,63
1,68857E+12;1,68866E+12;1,68861E+12;1,68866E+12;0,255953501;0,261011881;0,243587722;0,244020906;2549299,83
1,68849E+12;1,68857E+12;1,68851E+12;1,68854E+12;0,261372668;0,264444445;0,254056646;0,255962242;2387141,49
1,6884E+12;1,68849E+12;1,68841E+12;1,68847E+12;0,269213139;0,269611791;0,25954688;0,261359399;2327197,06
1,68831E+12;1,6884E+12;1,68834E+12;1,68831E+12;0,265817007;0,273130821;0,265584004;0,269158371;3257547,95
1,68823E+12;1,68831E+12;1,68831E+12;1,68828E+12;0,263675737;0,266697382;0,25785224;0,265818083;1942131,78
1,68814E+12;1,68823E+12;1,68819E+12;1,68816E+12;0,259030936;0,264605744;0,255051792;0,263669838;2235206,13
1,68805E+12;1,68814E+12;1,68814E+12;1,6881E+12;0,247749472;0,259064826;0,243513422;0,259033054;3099189,19
1,68797E+12;1,68805E+12;1,68802E+12;1,68804E+12;0,251627642;0,256078809;0,246177787;0,247766951;2609247,43
1,68788E+12;1,68797E+12;1,68788E+12;1,68795E+12;0,264869795;0,265016045;0,248869017;0,25161265;2438438,16
1,6878E+12;1,68788E+12;1,68787E+12;1,6878E+12;0,258456358;0,266733029;0,256872539;0,264847863;2766264
1,68771E+12;1,6878E+12;1,68771E+12;1,68779E+12;0,275078368;0,275556575;0,256130212;0,258630147;3382988,48
1,68762E+12;1,68771E+12;1,68765E+12;1,68769E+12;0,274639511;0,283652905;0,273440174;0,27509431;2204982,2
1,68754E+12;1,68762E+12;1,68754E+12;1,68762E+12;0,289838599;0,29005983;0,274542538;0,274624001;2382691,73
1,68745E+12;1,68754E+12;1,68752E+12;1,6875E+12;0,28004019;0,291444489;0,273285861;0,289789768;4524751,48
1,68736E+12;1,68745E+12;1,68742E+12;1,68739E+12;0,268391557;0,289282383;0,264274401;0,279993435;8350282,34
1,68728E+12;1,68736E+12;1,68736E+12;1,68731E+12;0,258669506;0,26978645;0,256191305;0,26843541;3990919,15
1,68719E+12;1,68728E+12;1,68728E+12;1,68724E+12;0,252910584;0,259196294;0,244008207;0,258772657;3166848,59
1,6871E+12;1,68719E+12;1,68711E+12;1,68716E+12;0,259880614;0,26295861;0,247019006;0,25298566;4517092,21
1,68702E+12;1,6871E+12;1,68705E+12;1,68702E+12;0,231894394;0,285833163;0,231007341;0,259840467;27991084,01
1,68693E+12;1,68702E+12;1,68701E+12;1,68693E+12;0,216295304;0,233732223;0,215616839;0,231814341;3289387,42
1,68684E+12;1,68693E+12;1,68692E+12;1,68689E+12;0,212627545;0,216713012;0,209252176;0,215718607;2151213,29
1,68676E+12;1,68684E+12;1,68676E+12;1,68682E+12;0,213285639;0,215219969;0,207824607;0,212643037;2176797,05
1,68667E+12;1,68676E+12;1,68674E+12;1,68676E+12;0,22092421;0,223045685;0,211585843;0,213295575;2190046,02
1,68659E+12;1,68667E+12;1,68663E+12;1,68664E+12;0,220781087;0,225807148;0,218472687;0,22092421;2209091,13
1,6865E+12;1,68659E+12;1,68654E+12;1,68657E+12;0,227529093;0,227777142;0,218477192;0,220817839;2119813,91
1,68641E+12;1,6865E+12;1,68649E+12;1,68645E+12;0,226658419;0,229671802;0,223112243;0,227567422;1801150,34
1,68633E+12;1,68641E+12;1,68633E+12;1,68634E+12;0,257334618;0,257791636;0,214354159;0,226659982;6088240,85
1,68624E+12;1,68633E+12;1,68629E+12;1,68631E+12;0,260519292;0,26222389;0,255927242;0,257268349;1646706,59
1,68615E+12;1,68624E+12;1,6862E+12;1,68617E+12;0,261601749;0,263639487;0,25773464;0,260556001;1795853,03
1,68607E+12;1,68615E+12;1,68607E+12;1,68615E+12;0,269588187;0,269917255;0,259599705;0,261568305;2435704,97
1,68598E+12;1,68607E+12;1,68605E+12;1,68603E+12;0,263668626;0,275472279;0,257010148;0,269602438;3632374,12
1,68589E+12;1,68598E+12;1,6859E+12;1,68598E+12;0,286696794;0,288378353;0,263164107;0,263710441;3571443,99
1,68581E+12;1,68589E+12;1,68589E+12;1,68581E+12;0,278559482;0,290925322;0,278559482;0,286607124;3208211,46
1,68572E+12;1,68581E+12;1,68581E+12;1,68574E+12;0,276085127;0,278357507;0,274341611;0,277962761;1412825,13
1,68564E+12;1,68572E+12;1,68568E+12;1,68564E+12;0,272643285;0,276704303;0,270315288;0,276037621;1923389,68
1,68555E+12;1,68564E+12;1,68555E+12;1,68563E+12;0,278138462;0,279307081;0,272517659;0,272621367;1642700,78
1,68546E+12;1,68555E+12;1,68547E+12;1,68552E+12;0,285503203;0,287015803;0,275418911;0,278161327;2241611,27
1,68538E+12;1,68546E+12;1,68541E+12;1,68538E+12;0,286283476;0,289001821;0,284413753;0,28545036;2003749,43
1,68529E+12;1,68538E+12;1,68529E+12;1,68535E+12;0,287604221;0,289095143;0,282953865;0,286231494;2819058,77
1,6852E+12;1,68529E+12;1,68529E+12;1,6852E+12;0,277522842;0,289154144;0,277179232;0,2876889;2592373,67
1,68512E+12;1,6852E+12;1,68517E+12;1,68512E+12;0,273202165;0,278284669;0,271943312;0,27756598;1989905,33
1,68503E+12;1,68512E+12;1,68511E+12;1,68504E+12;0,26993632;0,274294143;0,268276447;0,272992541;2548673,97
1,68494E+12;1,68503E+12;1,68494E+12;1,68495E+12;0,271121478;0,271711887;0,266165342;0,269959827;2362725,61
1,68486E+12;1,68494E+12;1,68486E+12;1,68492E+12;0,283400116;0,283502876;0,269847145;0,27113657;3684967,36
1,68477E+12;1,68486E+12;1,68479E+12;1,68477E+12;0,280638999;0,287693323;0,280600568;0,283388055;2182488,33
1,68468E+12;1,68477E+12;1,68476E+12;1,68469E+12;0,280064182;0,281714721;0,277474437;0,280669247;2064351,1
1,6846E+12;1,68468E+12;1,68464E+12;1,68468E+12;0,284585831;0,285022066;0,278806239;0,280086439;2154945,29
1,68451E+12;1,6846E+12;1,68458E+12;1,68452E+12;0,284115026;0,28643424;0,28158913;0,284647679;2160395,51
1,68443E+12;1,68451E+12;1,68445E+12;1,68447E+12;0,284793785;0,286002867;0,282344833;0,284002197;2445650,65
1,68434E+12;1,68443E+12;1,68434E+12;1,68441E+12;0,294022261;0,294392516;0,280727736;0,284797542;4240645,08
1,68425E+12;1,68434E+12;1,68433E+12;1,68431E+12;0,290727666;0,294161754;0,283509564;0,293368103;3003111,25
1,68417E+12;1,68425E+12;1,68421E+12;1,68422E+12;0,291448725;0,293662998;0,287524009;0,290763669;2669530,68
1,68408E+12;1,68417E+12;1,68412E+12;1,68417E+12;0,293192526;0,29749472;0,291418494;0,291418494;2694228,64
1,68399E+12;1,68408E+12;1,68405E+12;1,684E+12;0,289342003;0,294961405;0,288812412;0,293203519;1825735,7
1,68391E+12;1,68399E+12;1,68393E+12;1,68391E+12;0,289299385;0,290943632;0,287103465;0,289338296;2067663,23
1,68382E+12;1,68391E+12;1,68391E+12;1,68384E+12;0,282023481;0,289681527;0,273723346;0,289259539;3615995,71
1,68373E+12;1,68382E+12;1,68373E+12;1,68381E+12;0,295017819;0,295102325;0,277813038;0,282028824;2720786,61
1,68365E+12;1,68373E+12;1,6837E+12;1,68371E+12;0,293710287;0,302560174;0,289391864;0,295035161;3815872,42
1,68356E+12;1,68365E+12;1,68357E+12;1,68364E+12;0,296138705;0,297412384;0,290871622;0,293756901;4900927,36
1,68348E+12;1,68356E+12;1,68348E+12;1,68354E+12;0,320012078;0,321391658;0,288287414;0,296298943;5400023,16
1,68339E+12;1,68348E+12;1,68346E+12;1,68341E+12;0,320588923;0,32554323;0,317985079;0,320213744;2054836,25
1,6833E+12;1,68339E+12;1,6833E+12;1,68336E+12;0,333655864;0,335220004;0,317629658;0,320571937;3253255,52
1,68322E+12;1,6833E+12;1,68327E+12;1,68322E+12;0,328155408;0,339363659;0,327546423;0,333583036;3120663,84
1,68313E+12;1,68322E+12;1,68315E+12;1,68321E+12;0,334792459;0,336766421;0,326534549;0,328107799;2257256,76
1,68304E+12;1,68313E+12;1,68313E+12;1,68309E+12;0,332977551;0,33647512;0,324843861;0,334760202;3290954,91
1,68296E+12;1,68304E+12;1,68303E+12;1,68298E+12;0,332197126;0,337054999;0,32976841;0,33292754;2294963,41
1,68287E+12;1,68296E+12;1,68288E+12;1,68294E+12;0,345091821;0,34854526;0,3280488;0,332323652;4456019,52
1,68278E+12;1,68287E+12;1,68278E+12;1,68286E+12;0,355865857;0,35739961;0,344803517;0,345124509;2624402,64
1,6827E+12;1,68278E+12;1,68277E+12;1,6827E+12;0,350907977;0,357337745;0,349828864;0,355892126;2683487,33
1,68261E+12;1,6827E+12;1,68263E+12;1,68266E+12;0,354699265;0,356281723;0,346001087;0,35076885;3028239,58
1,68252E+12;1,68261E+12;1,6826E+12;1,68253E+12;0,352577329;0,358985455;0,350283406;0,354684791;4592413,7
1,68244E+12;1,68252E+12;1,68249E+12;1,68251E+12;0,36078549;0,368626296;0,341775994;0,352630055;6018446,1
1,68235E+12;1,68244E+12;1,68243E+12;1,68241E+12;0,354343141;0,362116491;0,347032546;0,360811347;4178682,49
1,68227E+12;1,68235E+12;1,68227E+12;1,68233E+12;0,359652398;0,36343244;0,349822114;0,354311089;4048239,57
1,68218E+12;1,68227E+12;1,68218E+12;1,68225E+12;0,369015252;0,369198319;0,353649553;0,358820396;4340563,44
1,68209E+12;1,68218E+12;1,68216E+12;1,6821E+12;0,363448268;0,380377632;0,357725813;0,368857183;12071201,31
1,68201E+12;1,68209E+12;1,68209E+12;1,68208E+12;0,353036052;0,392987609;0,339569645;0,363782648;19972718,61
1,68192E+12;1,68201E+12;1,68193E+12;1,68199E+12;0,366913319;0,371736455;0,349921536;0,353108699;6900611,12
1,68183E+12;1,68192E+12;1,68183E+12;1,68192E+12;0,405244726;0,405371774;0,363512922;0,366931119;7830731,76
1,68175E+12;1,68183E+12;1,6818E+12;1,68175E+12;0,401736599;0,408412901;0,395786815;0,405260088;6808203,23
1,68166E+12;1,68175E+12;1,68166E+12;1,6817E+12;0,409192469;0,409192469;0,391423053;0,400929982;7257038,02
1,68157E+12;1,68166E+12;1,68166E+12;1,68162E+12;0,407080204;0,412639371;0,400618629;0,409178358;7448494,04
1,68149E+12;1,68157E+12;1,68155E+12;1,68149E+12;0,390880781;0,412220472;0,383261901;0,407102667;11744451,32
1,6814E+12;1,68149E+12;1,68143E+12;1,68146E+12;0,391165652;0,402059334;0,381026896;0,390810231;9717448,68
1,68132E+12;1,6814E+12;1,68138E+12;1,68132E+12;0,37645704;0,39369756;0,37645704;0,391145638;6867444,3
1,68123E+12;1,68132E+12;1,68128E+12;1,68124E+12;0,378991945;0,383773242;0,36862574;0,380256732;6797207,67
1,68114E+12;1,68123E+12;1,68121E+12;1,68115E+12;0,378737445;0,383437161;0,375863463;0,378979498;6496359,18
1,68106E+12;1,68114E+12;1,68114E+12;1,68111E+12;0,373104965;0,379531332;0,36833122;0,378742225;6334756,33
1,68097E+12;1,68106E+12;1,68098E+12;1,68101E+12;0,370144399;0,375943967;0,364751966;0,372987632;5875071,78
1,68088E+12;1,68097E+12;1,68092E+12;1,68095E+12;0,37146498;0,376363524;0,368985204;0,37026102;4375985,41
1,6808E+12;1,68088E+12;1,6808E+12;1,68087E+12;0,380615431;0,382510723;0,369742855;0,37148182;3963719,73
1,68071E+12;1,6808E+12;1,68071E+12;1,68076E+12;0,390197549;0,390414006;0,376912601;0,380693912;4994810,96
1,68062E+12;1,68071E+12;1,68071E+12;1,68068E+12;0,386377552;0,39136054;0,380668471;0,390665768;6702310,61
1,68054E+12;1,68062E+12;1,68061E+12;1,68054E+12;0,375374155;0,38936779;0,373487817;0,386471361;5758654,45
1,68045E+12;1,68054E+12;1,68052E+12;1,68046E+12;0,371226998;0,379683863;0,362007863;0,375376545;5427537,87
1,68036E+12;1,68045E+12;1,68042E+12;1,68045E+12;0,380316893;0,383469486;0,367278549;0,371215406;6233219,95
1,68028E+12;1,68036E+12;1,68029E+12;1,68035E+12;0,382888481;0,386352197;0,375440896;0,379316614;4769362,13
1,68019E+12;1,68028E+12;1,68028E+12;1,68022E+12;0,365334348;0,385662982;0,362688738;0,382909096;6534890,52
1,68011E+12;1,68019E+12;1,68012E+12;1,68017E+12;0,374527631;0,379455967;0,360116929;0,365279118;6678422,14
1,68002E+12;1,68011E+12;1,6801E+12;1,68002E+12;0,363007162;0,377207036;0,361865396;0,374450932;7859789,85
1,67993E+12;1,68002E+12;1,68E+12;1,67998E+12;0,363594856;0,363955507;0,351348451;0,363064145;6592967,37
1,67985E+12;1,67993E+12;1,67985E+12;1,6799E+12;0,380357065;0,38125359;0,355848683;0,363640893;5954758,13
1,67976E+12;1,67985E+12;1,67984E+12;1,67976E+12;0,368683671;0,382327867;0,368683671;0,380366605;5323976,16
1,67967E+12;1,67976E+12;1,67968E+12;1,67975E+12;0,378838481;0,380118598;0,365397404;0,368679992;4950512,46
1,67959E+12;1,67967E+12;1,67959E+12;1,67967E+12;0,393392306;0,393392306;0,374030024;0,378860916;4874769,14
1,6795E+12;1,67959E+12;1,67956E+12;1,67951E+12;0,380290506;0,399034236;0,376357765;0,393455423;7213597,52
1,67941E+12;1,6795E+12;1,67941E+12;1,67949E+12;0,400007648;0,400101463;0,366712114;0,380157894;9195832,07
1,67933E+12;1,67941E+12;1,67938E+12;1,67936E+12;0,389985618;0,401431635;0,382359941;0,400075087;7040612,89
1,67924E+12;1,67933E+12;1,67924E+12;1,67933E+12;0,424137884;0,424153267;0,388723139;0,389823047;8771090,05
1,67916E+12;1,67924E+12;1,67922E+12;1,67918E+12;0,412777312;0,433910828;0,409349106;0,42478942;7159267,43
1,67907E+12;1,67916E+12;1,67912E+12;1,67915E+12;0,424521385;0,445686569;0,412634053;0,412773451;10722299,65
1,67898E+12;1,67907E+12;1,67907E+12;1,67899E+12;0,402661695;0,428360633;0,395559908;0,424626564;9991367,21
1,6789E+12;1,67898E+12;1,6789E+12;1,67894E+12;0,407164261;0,409668918;0,390001552;0,402729465;10086466,96
1,67881E+12;1,6789E+12;1,67883E+12;1,67888E+12;0,426505067;0,432408435;0,402735774;0,406835666;9922990,06
1,67872E+12;1,67881E+12;1,67878E+12;1,67875E+12;0,404248695;0,44047695;0,392792865;0,426296945;16142108,69
1,67864E+12;1,67872E+12;1,67869E+12;1,67864E+12;0,378030585;0,413146553;0,376988141;0,404345386;13272388,07
1,67855E+12;1,67864E+12;1,67864E+12;1,67861E+12;0,353867145;0,378142041;0,348567222;0,37788011;6660207,32
1,67846E+12;1,67855E+12;1,67847E+12;1,67852E+12;0,356597639;0,366931166;0,342437186;0,353799609;8965237,61
1,67838E+12;1,67846E+12;1,67839E+12;1,67842E+12;0,366762738;0,369983538;0,335876112;0,356468689;11991310,83
1,67829E+12;1,67838E+12;1,67834E+12;1,67837E+12;0,381960861;0,387892881;0,359953407;0,366716071;10192030,85
1,6782E+12;1,67829E+12;1,67821E+12;1,67826E+12;0,393685403;0,3949655;0,37922999;0,38208952;6639273,45
1,67812E+12;1,6782E+12;1,67814E+12;1,67817E+12;0,400928269;0,405364636;0,384865404;0,393648329;7621557,57
1,67803E+12;1,67812E+12;1,67809E+12;1,67805E+12;0,406207692;0,409996274;0,396809549;0,400957363;6821388,29
1,67795E+12;1,67803E+12;1,67801E+12;1,67796E+12;0,404854118;0,417158609;0,403169627;0,407265102;7044397,69
1,67786E+12;1,67795E+12;1,67789E+12;1,67794E+12;0,409717526;0,410983718;0,396437644;0,404900384;6964924,1
1,67777E+12;1,67786E+12;1,67777E+12;1,67778E+12;0,432923746;0,433915301;0,403006495;0,409716732;10027240,17
1,67769E+12;1,67777E+12;1,67769E+12;1,67774E+12;0,434842277;0,435603226;0,417560494;0,432938776;8605585,78
1,6776E+12;1,67769E+12;1,67763E+12;1,6776E+12;0,42448135;0,441475791;0,423172928;0,434860849;10918503,04
1,67751E+12;1,6776E+12;1,67751E+12;1,67759E+12;0,445997785;0,448515813;0,422515626;0,424591245;9949513,42
1,67743E+12;1,67751E+12;1,67744E+12;1,6775E+12;0,458524847;0,463107372;0,435099795;0,446141932;12784255,33
1,67734E+12;1,67743E+12;1,67742E+12;1,67734E+12;0,434695459;0,464143762;0,432830973;0,458516397;12888583,67
1,67725E+12;1,67734E+12;1,67727E+12;1,67733E+12;0,456047265;0,4587467;0,418801402;0,434204127;19411899,06
1,67717E+12;1,67725E+12;1,67717E+12;1,67725E+12;0,49892482;0,500772753;0,448752329;0,455856578;15509547,64
1,67708E+12;1,67717E+12;1,67709E+12;1,67713E+12;0,50044984;0,509732914;0,483916892;0,49901869;15461356,48
1,677E+12;1,67708E+12;1,677E+12;1,67705E+12;0,502640842;0,508054506;0,463551318;0,499657293;19220930,02
1,67691E+12;1,677E+12;1,67693E+12;1,67699E+12;0,545999256;0,54953944;0,491746393;0,502446036;23414021,7
1,67682E+12;1,67691E+12;1,6769E+12;1,67683E+12;0,495914769;0,568784479;0,485026168;0,54553145;30392445,66
1,67674E+12;1,67682E+12;1,67679E+12;1,67681E+12;0,502243072;0,534143532;0,492314187;0,495329759;22233036,06
1,67665E+12;1,67674E+12;1,6767E+12;1,67665E+12;0,472395741;0,519599516;0,472192547;0,502434332;32731468,47
1,67656E+12;1,67665E+12;1,67663E+12;1,67656E+12;0,428693194;0,496162584;0,425963531;0,472307441;26090245,25
1,67648E+12;1,67656E+12;1,67654E+12;1,67656E+12;0,466525413;0,478972983;0,428518457;0,428992127;24107048,45
1,67639E+12;1,67648E+12;1,67646E+12;1,6764E+12;0,445278049;0,473857453;0,435697314;0,466708939;19515484,96
1,6763E+12;1,67639E+12;1,67638E+12;1,67634E+12;0,413825857;0,452573017;0,401456964;0,445289746;20383507,29
1,67622E+12;1,6763E+12;1,67622E+12;1,67628E+12;0,430432046;0,432722203;0,400230492;0,413759688;15234658,51
1,67613E+12;1,67622E+12;1,67619E+12;1,67622E+12;0,449092966;0,455751177;0,42910899;0,430555574;13916750,71
1,67604E+12;1,67613E+12;1,67607E+12;1,67612E+12;0,445352137;0,451375432;0,441098131;0,449832652;8147927,78
1,67596E+12;1,67604E+12;1,67599E+12;1,67602E+12;0,44962659;0,464845814;0,440134243;0,445218102;14820702,95
1,67587E+12;1,67596E+12;1,67588E+12;1,67595E+12;0,508610567;0,555507788;0,441243736;0,449793095;39051288,53
1,67579E+12;1,67587E+12;1,67583E+12;1,67579E+12;0,480369343;0,543155081;0,480193696;0,508419707;35983554,17
1,6757E+12;1,67579E+12;1,67578E+12;1,6757E+12;0,451683999;0,485156388;0,450669891;0,480307062;12968209,77
1,67561E+12;1,6757E+12;1,67562E+12;1,67565E+12;0,461668007;0,468670856;0,450183686;0,451639091;8873610,89
1,67553E+12;1,67561E+12;1,67557E+12;1,6756E+12;0,484263303;0,493498145;0,451278543;0,461424298;11451337,28
1,67544E+12;1,67553E+12;1,67544E+12;1,67547E+12;0,493018227;0,494812493;0,475816688;0,484520209;8860297,55
1,67535E+12;1,67544E+12;1,67542E+12;1,67536E+12;0,460163846;0,500775716;0,458244875;0,493074534;14753653,58
1,67527E+12;1,67535E+12;1,67533E+12;1,67527E+12;0,462316134;0,491515805;0,460240466;0,46053089;14399945,35
1,67518E+12;1,67527E+12;1,67526E+12;1,67524E+12;0,443869453;0,464639751;0,424066166;0,462463809;11414527,51
1,67509E+12;1,67518E+12;1,67516E+12;1,67514E+12;0,441597467;0,450096228;0,434307793;0,443903213;7482039,82
1,67501E+12;1,67509E+12;1,67501E+12;1,67508E+12;0,483681292;0,485192411;0,430806428;0,441555411;11038565,15
1,67492E+12;1,67501E+12;1,67501E+12;1,67492E+12;0,462039849;0,485955437;0,456817029;0,483809323;10562451,48
1,67484E+12;1,67492E+12;1,67484E+12;1,67491E+12;0,484162373;0,489129212;0,457673593;0,461660802;6990371,6
1,67475E+12;1,67484E+12;1,67482E+12;1,67476E+12;0,478465098;0,491312322;0,464136368;0,48411199;8932359,53
1,67466E+12;1,67475E+12;1,67474E+12;1,67472E+12;0,463328059;0,479200981;0,456851352;0,478490584;9823657,49
1,67458E+12;1,67466E+12;1,67466E+12;1,67458E+12;0,447474171;0,480978409;0,436656968;0,464332057;10826663,67
1,67449E+12;1,67458E+12;1,67451E+12;1,67457E+12;0,478562935;0,486052339;0,444553501;0,447500869;9229662,75
1,6744E+12;1,67449E+12;1,67444E+12;1,6744E+12;0,449193446;0,505062082;0,449193446;0,478304388;17211416,01
1,67432E+12;1,6744E+12;1,67438E+12;1,67433E+12;0,426881394;0,4744298;0,41977027;0,44923479;15628896,45
1,67423E+12;1,67432E+12;1,67431E+12;1,67423E+12;0,414475559;0,44620875;0,411360134;0,426859046;9897559,95
1,67414E+12;1,67423E+12;1,67422E+12;1,67416E+12;0,393670036;0,415160721;0,388642951;0,414364879;7327002,42
1,67406E+12;1,67414E+12;1,67414E+12;1,67406E+12;0,378558819;0,39385481;0,378558819;0,393442915;5476319,59
1,67397E+12;1,67406E+12;1,67402E+12;1,67403E+12;0,404568642;0,422037105;0,376822715;0,378579698;9611431,95
1,67388E+12;1,67397E+12;1,67396E+12;1,67389E+12;0,397219808;0,4144102;0,392024466;0,404662754;8023034,11
1,6738E+12;1,67388E+12;1,67382E+12;1,67385E+12;0,407125353;0,416267769;0,385700803;0,397077163;11581779,75
1,67371E+12;1,6738E+12;1,67377E+12;1,67374E+12;0,399732382;0,441238045;0,389897525;0,406965488;15550704,34
1,67363E+12;1,67371E+12;1,67366E+12;1,67363E+12;0,371669058;0,411227021;0,371581149;0,39961234;12016902,45
1,67354E+12;1,67363E+12;1,67362E+12;1,67354E+12;0,355519572;0,376676092;0,354104675;0,371802216;7741821,26
1,67345E+12;1,67354E+12;1,67354E+12;1,6735E+12;0,343832168;0,356697955;0,333452342;0,355354688;10413431,37
1,67337E+12;1,67345E+12;1,67345E+12;1,67342E+12;0,33625069;0,344939769;0,328818737;0,343891972;6162094,95
1,67328E+12;1,67337E+12;1,67335E+12;1,67333E+12;0,332795255;0,341672792;0,329486861;0,336298832;6707829,19
1,67319E+12;1,67328E+12;1,67326E+12;1,6732E+12;0,32820335;0,346459488;0,326689686;0,33283739;9280996,86
1,67311E+12;1,67319E+12;1,67319E+12;1,67311E+12;0,317505828;0,328336966;0,314926952;0,328336966;4906631,18
1,67302E+12;1,67311E+12;1,67304E+12;1,6731E+12;0,319830639;0,324401114;0,31622492;0,317538635;4113643,78
1,67293E+12;1,67302E+12;1,67295E+12;1,67297E+12;0,319705994;0,32233934;0,313192388;0,319852586;5059805,67
1,67285E+12;1,67293E+12;1,67285E+12;1,67291E+12;0,33407029;0,334439933;0,319578349;0,320723118;5377700,33
1,67276E+12;1,67285E+12;1,67284E+12;1,67276E+12;0,322348312;0,334623375;0,320189463;0,333927973;7205649,36
1,67268E+12;1,67276E+12;1,67268E+12;1,67274E+12;0,332663405;0,333134292;0,318676119;0,322072765;5572624,81
1,67259E+12;1,67268E+12;1,67265E+12;1,6726E+12;0,328756745;0,341866349;0,325075785;0,332622636;4463476,7
1,6725E+12;1,67259E+12;1,67255E+12;1,67252E+12;0,329962886;0,331939103;0,325460906;0,328817728;3150789,83
1,67242E+12;1,6725E+12;1,67242E+12;1,6725E+12;0,335256044;0,338272372;0,329596924;0,329924288;3336788,54
1,67233E+12;1,67242E+12;1,67233E+12;1,67236E+12;0,340161511;0,34176929;0,333399615;0,335309747;3081887,61
1,67224E+12;1,67233E+12;1,67228E+12;1,67232E+12;0,345328585;0,350155708;0,336071591;0,340113761;4071088,48
1,67216E+12;1,67224E+12;1,67221E+12;1,67224E+12;0,34913547;0,349933125;0,342651653;0,345285601;3331028,11
1,67207E+12;1,67216E+12;1,67207E+12;1,67214E+12;0,356113224;0,356402029;0,347373553;0,349324354;3953278,06
1,67198E+12;1,67207E+12;1,67206E+12;1,67199E+12;0,338054227;0,356272607;0,336767189;0,35617791;5862340,25
1,6719E+12;1,67198E+12;1,67194E+12;1,67197E+12;0,33481;0,34251996;0,333461897;0,338088073;3980785,49
1,67181E+12;1,6719E+12;1,67184E+12;1,67185E+12;0,337503266;0,338036617;0,333065196;0,334823547;3070885,08
1,67172E+12;1,67181E+12;1,67174E+12;1,67178E+12;0,340478982;0,341478672;0,333399529;0,337526475;3427353,44
1,67164E+12;1,67172E+12;1,67172E+12;1,67171E+12;0,337124458;0,341129425;0,332541248;0,340836093;3425841,38
1,67155E+12;1,67164E+12;1,67155E+12;1,67162E+12;0,344739479;0,344739479;0,335001326;0,337037492;3315588,42
1,67147E+12;1,67155E+12;1,67152E+12;1,67147E+12;0,337639834;0,350172767;0,336917717;0,344733997;3898675,67
1,67138E+12;1,67147E+12;1,67138E+12;1,67146E+12;0,348734744;0,35065959;0,334758039;0,337701222;3345893,82
1,67129E+12;1,67138E+12;1,67132E+12;1,67135E+12;0,350336472;0,352859521;0,345622083;0,348376147;1847920,75
1,67121E+12;1,67129E+12;1,67129E+12;1,67123E+12;0,342862333;0,350760588;0,338505277;0,350223562;3915578,26
1,67112E+12;1,67121E+12;1,67115E+12;1,6712E+12;0,368092786;0,373433182;0,339266802;0,342489666;4891779,74
1,67103E+12;1,67112E+12;1,67104E+12;1,67111E+12;0,383713213;0,384952506;0,367172081;0,368101441;4924004,53
1,67095E+12;1,67103E+12;1,67101E+12;1,67104E+12;0,38948738;0,392731674;0,381405337;0,381432442;5342940,67
1,67086E+12;1,67095E+12;1,67091E+12;1,67089E+12;0,389730074;0,40924294;0,374955286;0,389515462;8685688,66
1,67077E+12;1,67086E+12;1,67077E+12;1,67084E+12;0,402048499;0,402467192;0,383703964;0,390452884;5037293,76
1,67069E+12;1,67077E+12;1,67075E+12;1,67077E+12;0,40674405;0,412044273;0,402074842;0,402086417;7202692,24
1,6706E+12;1,67069E+12;1,67061E+12;1,67067E+12;0,409607343;0,412810896;0,40323466;0,406766945;4882326,19
1,67052E+12;1,6706E+12;1,67054E+12;1,67059E+12;0,420703995;0,421283734;0,407699742;0,409583729;11030860,86
1,67043E+12;1,67052E+12;1,6705E+12;1,67046E+12;0,416495444;0,434314312;0,414282656;0,420738377;8016191,09
1,67034E+12;1,67043E+12;1,67039E+12;1,67037E+12;0,417779297;0,430417082;0,397995412;0,416458241;12285821,8
1,67026E+12;1,67034E+12;1,6703E+12;1,67026E+12;0,401014901;0,443531297;0,399718032;0,417739956;10882883,73
1,67017E+12;1,67026E+12;1,67022E+12;1,67024E+12;0,40122749;0,420742954;0,397908698;0,400837773;8313704,47
1,67008E+12;1,67017E+12;1,67009E+12;1,67013E+12;0,402836179;0,409436718;0,394578973;0,401231108;5926886,68
1,67E+12;1,67008E+12;1,67003E+12;1,67008E+12;0,409395263;0,453244552;0,399244416;0,402438141;22282648,87
1,66991E+12;1,67E+12;1,66996E+12;1,66992E+12;0,366950937;0,462230748;0,366074719;0,409218294;32893556,13
1,66982E+12;1,66991E+12;1,66987E+12;1,66986E+12;0,360035834;0,372517188;0,354281671;0,36671497;8361583,19
1,66974E+12;1,66982E+12;1,66981E+12;1,66974E+12;0,351237998;0,362511667;0,351237998;0,360152886;7401284,39
1,66965E+12;1,66974E+12;1,66968E+12;1,66965E+12;0,339806275;0,35590799;0,338528302;0,35128143;7765914,06
1,66956E+12;1,66965E+12;1,66957E+12;1,66962E+12;0,358041556;0,361711211;0,336824852;0,339840644;7170243,14
1,66948E+12;1,66956E+12;1,66954E+12;1,66951E+12;0,347313585;0,371140791;0,346967275;0,358034886;8362811,13
1,66939E+12;1,66948E+12;1,66944E+12;1,66939E+12;0,343796577;0,356141739;0,343506099;0,347326426;5225747,44
1,66931E+12;1,66939E+12;1,66931E+12;1,66933E+12;0,354898143;0,355025595;0,340831998;0,343821629;4127565,49
1,66922E+12;1,66931E+12;1,66924E+12;1,66927E+12;0,353594615;0,36005927;0,344722432;0,354541208;6223148,7
1,66913E+12;1,66922E+12;1,66918E+12;1,66914E+12;0,331765424;0,364633135;0,330492135;0,353647883;10773635,58
1,66905E+12;1,66913E+12;1,66911E+12;1,66908E+12;0,323947648;0,33491728;0,315994968;0,332317998;6197364,12
1,66896E+12;1,66905E+12;1,66896E+12;1,66903E+12;0,336069905;0,336645818;0,320772072;0,324053773;6858382,55
1,66887E+12;1,66896E+12;1,66891E+12;1,66896E+12;0,358242533;0,36665827;0,335135521;0,33597515;6400394,24
1,66879E+12;1,66887E+12;1,66885E+12;1,66883E+12;0,3592604;0,360689799;0,35388712;0,35820968;4213809,76
1,6687E+12;1,66879E+12;1,66871E+12;1,66873E+12;0,358150943;0,363479072;0,355851702;0,359347185;4601606,56
1,66861E+12;1,6687E+12;1,66862E+12;1,66866E+12;0,359051309;0,361372278;0,352327228;0,357986571;4779191,17
1,66853E+12;1,66861E+12;1,66853E+12;1,66859E+12;0,376726235;0,377787196;0,351059755;0,359022959;6061101,03
1,66844E+12;1,66853E+12;1,6685E+12;1,66845E+12;0,357019854;0,383521825;0,355196911;0,376697653;7145071,95
1,66836E+12;1,66844E+12;1,6684E+12;1,66837E+12;0,354585246;0,36710571;0,338120514;0,356949843;7802730,65
1,66827E+12;1,66836E+12;1,66828E+12;1,66835E+12;0,37075597;0,378850313;0,35321392;0,354690285;7391044,71
1,66818E+12;1,66827E+12;1,66825E+12;1,66821E+12;0,374663244;0,380002499;0,356721194;0,370752792;8920041,83
1,6681E+12;1,66818E+12;1,66815E+12;1,66817E+12;0,405199069;0,406852278;0,362109033;0,374443426;11823425,24
1,66801E+12;1,6681E+12;1,66807E+12;1,66801E+12;0,366192464;0,415206924;0,363832749;0,405415268;14189864,65
1,66792E+12;1,66801E+12;1,66793E+12;1,668E+12;0,440207971;0,447645926;0,355089876;0,365909686;19209817,17
1,66784E+12;1,66792E+12;1,66785E+12;1,66791E+12;0,506786617;0,518324419;0,414301604;0,44019368;20768624,38
1,66775E+12;1,66784E+12;1,66783E+12;1,66778E+12;0,49928616;0,513461461;0,49102213;0,506799078;10339812,77
1,66766E+12;1,66775E+12;1,66767E+12;1,66775E+12;0,532526028;0,537183687;0,499327437;0,499327437;9186094,22
1,66758E+12;1,66766E+12;1,66766E+12;1,66763E+12;0,531100845;0,541166951;0,522728576;0,532370852;13791057,89
1,66749E+12;1,66758E+12;1,66756E+12;1,66749E+12;0,493831633;0,539190076;0,492411489;0,531240362;17635501
1,6674E+12;1,66749E+12;1,66744E+12;1,6674E+12;0,472922838;0,504500012;0,472274241;0,493952638;12871797,62
1,66732E+12;1,6674E+12;1,66732E+12;1,6674E+12;0,485972759;0,488589023;0,468738302;0,472845911;9697662,54
1,66723E+12;1,66732E+12;1,66726E+12;1,66729E+12;0,477670453;0,492313644;0,47097775;0,485922583;8885261,27
1,66715E+12;1,66723E+12;1,6672E+12;1,66717E+12;0,480985253;0,490160037;0,471396269;0,477674132;9373688,98
1,66706E+12;1,66715E+12;1,66709E+12;1,66712E+12;0,487036178;0,497636704;0,473036132;0,481171793;9966340,2
1,66697E+12;1,66706E+12;1,66705E+12;1,66703E+12;0,473347557;0,498980157;0,471164819;0,487320217;10188856,67
1,66689E+12;1,66697E+12;1,66697E+12;1,66691E+12;0,461925914;0,473179003;0,454138867;0,473179003;6891938,36
1,6668E+12;1,66689E+12;1,66682E+12;1,66688E+12;0,480499431;0,492705958;0,461206559;0,461919259;8734053,1
1,66671E+12;1,6668E+12;1,66677E+12;1,66671E+12;0,463967555;0,494848576;0,463214322;0,480509623;12213431,45
1,66663E+12;1,66671E+12;1,66669E+12;1,66667E+12;0,450315682;0,479180511;0,448952805;0,465078001;9339455,13
1,66654E+12;1,66663E+12;1,66654E+12;1,66663E+12;0,462741294;0,46352144;0,450294875;0,45068006;5516644,15
1,66645E+12;1,66654E+12;1,66654E+12;1,66651E+12;0,462982847;0,464488999;0,44979102;0,46276609;5600431,88
1,66637E+12;1,66645E+12;1,66642E+12;1,66638E+12;0,456625306;0,464380601;0,452471804;0,46304322;5915032,75
1,66628E+12;1,66637E+12;1,66629E+12;1,66633E+12;0,470402789;0,474733408;0,446277644;0,456650803;8527280,54
1,6662E+12;1,66628E+12;1,66624E+12;1,66621E+12;0,466160951;0,476079762;0,459689014;0,470462011;8194544,35
1,66611E+12;1,6662E+12;1,66611E+12;1,6662E+12;0,480645929;0,484500897;0,464955843;0,465057693;11277612,09
1,66602E+12;1,66611E+12;1,66602E+12;1,66606E+12;0,479892873;0,483511527;0,463773391;0,480542389;10355462,45
1,66594E+12;1,66602E+12;1,66599E+12;1,66594E+12;0,464608124;0,485684648;0,457077299;0,479869178;12292032,01
1,66585E+12;1,66594E+12;1,66588E+12;1,66585E+12;0,453982235;0,54768438;0,453982235;0,464666287;42471907,57
1,66576E+12;1,66585E+12;1,66583E+12;1,6658E+12;0,429656768;0,461918412;0,42749271;0,453866783;11524114,81
1,66568E+12;1,66576E+12;1,6657E+12;1,66576E+12;0,438795892;0,447805561;0,427331494;0,429661717;7472085,42
1,66559E+12;1,66568E+12;1,66559E+12;1,66563E+12;0,456814137;0,456987714;0,416979686;0,438878302;13713471,22
1,6655E+12;1,66559E+12;1,66558E+12;1,66555E+12;0,453467451;0,462238367;0,448443561;0,456784374;6871917,68
1,66542E+12;1,6655E+12;1,66548E+12;1,66542E+12;0,468323793;0,474662947;0,452776323;0,453559988;9097021,17
1,66533E+12;1,66542E+12;1,66534E+12;1,66542E+12;0,492908221;0,500395773;0,46816934;0,468727527;8515415,65
1,66524E+12;1,66533E+12;1,6653E+12;1,66533E+12;0,492503496;0,501819379;0,488043962;0,492914666;8685335,38
1,66516E+12;1,66524E+12;1,66521E+12;1,66519E+12;0,484642862;0,508581163;0,478543184;0,49256993;15912133,65
1,66507E+12;1,66516E+12;1,66507E+12;1,66513E+12;0,483737959;0,488596392;0,464307466;0,484194646;12676155,18
1,66499E+12;1,66507E+12;1,66501E+12;1,66499E+12;0,469148448;0,529194464;0,468313111;0,483674136;48557532,54
1,6649E+12;1,66499E+12;1,66494E+12;1,66495E+12;0,471236429;0,472210727;0,454186452;0,469229109;9661840,59
1,66481E+12;1,6649E+12;1,66489E+12;1,66482E+12;0,458455773;0,479597471;0,455957025;0,471088284;11622327,74
1,66473E+12;1,66481E+12;1,66481E+12;1,66476E+12;0,448260783;0,463968188;0,440346691;0,459009757;11363872,9
1,66464E+12;1,66473E+12;1,66466E+12;1,66472E+12;0,472668565;0,483093586;0,447152808;0,448239505;28567523,41
1,66455E+12;1,66464E+12;1,66464E+12;1,6646E+12;0,44424485;0,47935464;0,440837665;0,472220414;13080974,1
1,66447E+12;1,66455E+12;1,6645E+12;1,66451E+12;0,456136346;0,45931772;0,434389323;0,443267277;13658351,27
1,66438E+12;1,66447E+12;1,66441E+12;1,66443E+12;0,454357952;0,471048401;0,444525869;0,456217709;13831527,54
1,66429E+12;1,66438E+12;1,6643E+12;1,66433E+12;0,460714309;0,463508128;0,440466311;0,454454643;10989352,97
1,66421E+12;1,66429E+12;1,66424E+12;1,66427E+12;0,469049667;0,487942676;0,451496644;0,460987143;12763601,82
1,66412E+12;1,66421E+12;1,66418E+12;1,66415E+12;0,46444734;0,477126315;0,447858142;0,469120666;12539746,12
1,66404E+12;1,66412E+12;1,66407E+12;1,66404E+12;0,453120888;0,484472256;0,453120888;0,464370017;11439601,61
1,66395E+12;1,66404E+12;1,664E+12;1,66403E+12;0,465478978;0,46991276;0,451771696;0,453123482;6876231,65
1,66386E+12;1,66395E+12;1,66389E+12;1,66391E+12;0,4682649;0,473745941;0,446982094;0,465472215;9339107,2
1,66378E+12;1,66386E+12;1,66386E+12;1,66378E+12;0,446175909;0,473001895;0,440573436;0,468402948;9981493,03
1,66369E+12;1,66378E+12;1,66376E+12;1,66377E+12;0,457051339;0,476335871;0,436844368;0,446469535;13624003,32
1,6636E+12;1,66369E+12;1,66363E+12;1,66369E+12;0,47390586;0,479358875;0,45637228;0,457096736;11209826,73
1,66352E+12;1,6636E+12;1,66352E+12;1,66355E+12;0,472897311;0,48483242;0,45512406;0,473546678;13261246,31
1,66343E+12;1,66352E+12;1,66344E+12;1,66352E+12;0,516226658;0,522975073;0,47200561;0,472744871;14940212,48
1,66334E+12;1,66343E+12;1,66338E+12;1,66334E+12;0,488422055;0,527105773;0,488422055;0,516345961;14291509,13
1,66326E+12;1,66334E+12;1,66334E+12;1,66332E+12;0,484821839;0,495177327;0,476397245;0,488575866;13214748,17
1,66317E+12;1,66326E+12;1,66317E+12;1,66326E+12;0,513791075;0,513791075;0,48451461;0,484929894;11546171,42
1,66308E+12;1,66317E+12;1,66309E+12;1,66315E+12;0,521118984;0,524143224;0,494949866;0,513826447;17942540,25
1,663E+12;1,66308E+12;1,663E+12;1,66308E+12;0,570249038;0,570464488;0,515268673;0,51990189;23214300,43
1,66291E+12;1,663E+12;1,66295E+12;1,66299E+12;0,594895376;0,629785814;0,566029229;0,569939902;28744796,91
1,66283E+12;1,66291E+12;1,6629E+12;1,66283E+12;0,565219766;0,611883553;0,56145455;0,595027522;24373323,02
1,66274E+12;1,66283E+12;1,66277E+12;1,66277E+12;0,562455605;0,599930181;0,542655998;0,565074205;36721938,84
1,66265E+12;1,66274E+12;1,66273E+12;1,66265E+12;0,49941404;0,624522123;0,498275468;0,563143103;45610548,66
1,66257E+12;1,66265E+12;1,66264E+12;1,66261E+12;0,497093935;0,504516967;0,482106741;0,499500263;12185394,55
1,66248E+12;1,66257E+12;1,66256E+12;1,66248E+12;0,47584769;0,504727685;0,471957753;0,496893435;9142250,12
1,66239E+12;1,66248E+12;1,66243E+12;1,66248E+12;0,519718082;0,527117852;0,476550721;0,476611789;13542434,39
1,66231E+12;1,66239E+12;1,66231E+12;1,66235E+12;0,528444401;0,528511439;0,511400801;0,519791551;8168874,65
1,66222E+12;1,66231E+12;1,66226E+12;1,66225E+12;0,5260095;0,529507266;0,518561165;0,528648533;7492571,05
1,66213E+12;1,66222E+12;1,66213E+12;1,66219E+12;0,538571954;0,538571954;0,521115668;0,52592363;7634391,37
1,66205E+12;1,66213E+12;1,66211E+12;1,66206E+12;0,528609718;0,567167551;0,520412517;0,538515599;14858498,91
1,66196E+12;1,66205E+12;1,66196E+12;1,66199E+12;0,526880045;0,530028806;0,513400626;0,528653627;9189100,34
1,66188E+12;1,66196E+12;1,6619E+12;1,66193E+12;0,517896226;0,534647776;0,514781075;0,52683476;11552129,95
1,66179E+12;1,66188E+12;1,66181E+12;1,66185E+12;0,550829029;0,558730128;0,516204879;0,517783391;12467300,29
1,6617E+12;1,66179E+12;1,66177E+12;1,6617E+12;0,527200681;0,556843585;0,524755732;0,550703925;10439895,04
1,66162E+12;1,6617E+12;1,66164E+12;1,6617E+12;0,548398822;0,555653184;0,526728452;0,527004038;7451892,23
1,66153E+12;1,66162E+12;1,66156E+12;1,66155E+12;0,550934265;0,563049612;0,537191924;0,548473773;11335387,58
1,66144E+12;1,66153E+12;1,66145E+12;1,66153E+12;0,602566976;0,603385038;0,5469198;0,550447489;17028556,07
1,66136E+12;1,66144E+12;1,66139E+12;1,66143E+12;0,600960575;0,613139322;0,598583477;0,60270456;11857201,54
1,66127E+12;1,66136E+12;1,66134E+12;1,66135E+12;0,616283922;0,623974098;0,59899127;0,600956504;12594447,48
1,66118E+12;1,66127E+12;1,66118E+12;1,66121E+12;0,622509222;0,625571062;0,596995959;0,616571627;11625497,41
1,6611E+12;1,66118E+12;1,6611E+12;1,66113E+12;0,639269632;0,639269632;0,60046669;0,621408512;9618260,96
1,66101E+12;1,6611E+12;1,66109E+12;1,66101E+12;0,614550597;0,643845546;0,60958872;0,639457268;10596387,19
1,66092E+12;1,66101E+12;1,66094E+12;1,661E+12;0,609532065;0,636997333;0,595577759;0,614791506;13117490,61
1,66084E+12;1,66092E+12;1,66084E+12;1,66091E+12;0,642347683;0,644088473;0,599269893;0,60971733;19906724,37
1,66075E+12;1,66084E+12;1,6608E+12;1,66084E+12;0,67206679;0,686808662;0,642487279;0,642487279;15966359,47
1,66067E+12;1,66075E+12;1,66069E+12;1,66072E+12;0,697878148;0,719699522;0,661465852;0,671245757;17363203,94
1,66058E+12;1,66067E+12;1,66058E+12;1,6606E+12;0,719451448;0,738980557;0,695298205;0,69821451;15492901,7
1,66049E+12;1,66058E+12;1,6605E+12;1,66052E+12;0,700973178;0,727227897;0,679679657;0,719802575;17083182,83
1,66041E+12;1,66049E+12;1,66043E+12;1,66047E+12;0,731493122;0,743687329;0,689693119;0,701209723;30290858,63
1,66032E+12;1,66041E+12;1,66035E+12;1,66041E+12;0,742316408;0,770602972;0,729721341;0,731407824;19093547,05
1,66023E+12;1,66032E+12;1,66025E+12;1,66028E+12;0,740613788;0,746097888;0,71145134;0,741936285;19569269,17
1,66015E+12;1,66023E+12;1,66019E+12;1,66023E+12;0,763484583;0,78817325;0,734983958;0,74070995;19077240,25
1,66006E+12;1,66015E+12;1,66012E+12;1,66006E+12;0,714064292;0,769004382;0,697953669;0,76386428;17844906,55
1,65997E+12;1,66006E+12;1,65998E+12;1,66003E+12;0,766841581;0,774097961;0,699468796;0,714135499;22931568,11
1,65989E+12;1,65997E+12;1,65992E+12;1,65997E+12;0,763569735;0,804729605;0,761033191;0,766644908;24143235,72
1,6598E+12;1,65989E+12;1,65988E+12;1,65981E+12;0,758089006;0,775810257;0,744027277;0,763353663;21200940,15
1,65972E+12;1,6598E+12;1,65976E+12;1,65975E+12;0,763366672;0,790714957;0,739093055;0,757902345;31469876,72
1,65963E+12;1,65972E+12;1,65967E+12;1,65963E+12;0,724825178;0,779116538;0,724825178;0,763503699;26482768,99
1,65954E+12;1,65963E+12;1,65956E+12;1,65954E+12;0,688111006;0,732176301;0,687748624;0,725113251;22745761,44
1,65946E+12;1,65954E+12;1,65952E+12;1,65946E+12;0,707859558;0,718671518;0,671667628;0,687368097;24477240,04
1,65937E+12;1,65946E+12;1,65938E+12;1,65939E+12;0,725400334;0,780901293;0,610506928;0,706303316;88685643,47
1,65928E+12;1,65937E+12;1,6593E+12;1,65937E+12;0,802199664;0,848831255;0,718204426;0,72455142;32089704,29
1,6592E+12;1,65928E+12;1,65926E+12;1,65923E+12;0,802281591;0,858850794;0,793077284;0,802187329;29209255,59
1,65911E+12;1,6592E+12;1,65916E+12;1,65911E+12;0,765633464;0,877000105;0,76454199;0,802311936;42855749,69
1,65902E+12;1,65911E+12;1,65905E+12;1,65907E+12;0,751317155;0,791750224;0,733491533;0,765282912;29070931,44
1,65894E+12;1,65902E+12;1,659E+12;1,65897E+12;0,711080593;0,765896656;0,695185437;0,752867924;21992547,13
1,65885E+12;1,65894E+12;1,65894E+12;1,65886E+12;0,650315972;0,711570522;0,641555104;0,711501386;16657891,06
1,65876E+12;1,65885E+12;1,65876E+12;1,65884E+12;0,66560591;0,66560591;0,628601209;0,649834602;13545292,36
1,65868E+12;1,65876E+12;1,65868E+12;1,65876E+12;0,730494949;0,731433578;0,6651219;0,66547307;14913244,39
1,65859E+12;1,65868E+12;1,65867E+12;1,65859E+12;0,699939975;0,741405058;0,697775157;0,731066542;14891999,88
1,65851E+12;1,65859E+12;1,65853E+12;1,65857E+12;0,716050261;0,734087999;0,682543743;0,699981248;16836455,98
1,65842E+12;1,65851E+12;1,65845E+12;1,65849E+12;0,726355302;0,780851119;0,714068752;0,716259689;24933073,22
1,65833E+12;1,65842E+12;1,65842E+12;1,65835E+12;0,705906225;0,735485488;0,677767796;0,726718624;20873511,34
1,65825E+12;1,65833E+12;1,65827E+12;1,65832E+12;0,76608381;0,795722979;0,699903504;0,70581487;29368084,72
1,65816E+12;1,65825E+12;1,65823E+12;1,65819E+12;0,687878845;0,801587442;0,658910268;0,76597096;40929603,58
1,65807E+12;1,65816E+12;1,65813E+12;1,65808E+12;0,610114653;0,689430594;0,608761723;0,688444088;24118382,98
1,65799E+12;1,65807E+12;1,65801E+12;1,65805E+12;0,620038931;0,629224609;0,608433839;0,610116709;12724434,37
1,6579E+12;1,65799E+12;1,65796E+12;1,65794E+12;0,611126372;0,634227654;0,590693499;0,620833415;14371788,4
1,65781E+12;1,6579E+12;1,65785E+12;1,65788E+12;0,609694508;0,629767232;0,60311016;0,61130673;15756977,82
1,65773E+12;1,65781E+12;1,6578E+12;1,65777E+12;0,604219554;0,617466647;0,575340229;0,609736938;14811413,18
1,65764E+12;1,65773E+12;1,65773E+12;1,65769E+12;0,577093575;0,605043394;0,557979166;0,604278504;16342048,56
1,65756E+12;1,65764E+12;1,65756E+12;1,65764E+12;0,60311856;0,607782015;0,576826311;0,577209965;11423224,96
1,65747E+12;1,65756E+12;1,65747E+12;1,65755E+12;0,651048431;0,653195269;0,588377183;0,603496082;13838459,79
1,65738E+12;1,65747E+12;1,65738E+12;1,65744E+12;0,689743793;0,689835591;0,643656116;0,651733318;11562225,41
1,6573E+12;1,65738E+12;1,65736E+12;1,6573E+12;0,679209232;0,698582293;0,677819822;0,68950496;11956843,86
1,65721E+12;1,6573E+12;1,65723E+12;1,65726E+12;0,689198044;0,708258431;0,666493736;0,679447089;18930049,95
1,65712E+12;1,65721E+12;1,6572E+12;1,65716E+12;0,678744387;0,700248891;0,65567387;0,689167646;20021082,7
1,65704E+12;1,65712E+12;1,65704E+12;1,65705E+12;0,676424508;0,683766493;0,654253782;0,678492761;15455130,22
1,65695E+12;1,65704E+12;1,65695E+12;1,657E+12;0,702033554;0,709472045;0,657587287;0,676385626;18084118,94
1,65686E+12;1,65695E+12;1,65693E+12;1,65688E+12;0,672509262;0,704824051;0,655705495;0,702049785;16438745,91
1,65678E+12;1,65686E+12;1,65678E+12;1,65683E+12;0,683814144;0,697219617;0,652960529;0,672764963;13723860,67
1,65669E+12;1,65678E+12;1,65673E+12;1,65669E+12;0,639394072;0,7032422;0,628451624;0,682947976;26301378,05
1,6566E+12;1,65669E+12;1,65664E+12;1,65663E+12;0,619178886;0,722031843;0,606844765;0,639131702;27389083,57
1,65652E+12;1,6566E+12;1,65652E+12;1,65657E+12;0,634391797;0,636205984;0,583470672;0,617607534;14998918,1
1,65643E+12;1,65652E+12;1,65644E+12;1,65648E+12;0,652180771;0,662408261;0,624522371;0,633904759;15704134,66
1,65635E+12;1,65643E+12;1,65639E+12;1,65643E+12;0,681039601;0,711523106;0,650968669;0,651957863;18564872,77
1,65626E+12;1,65635E+12;1,65629E+12;1,65635E+12;0,69888562;0,736274635;0,680912158;0,680973715;19524871,27
1,65617E+12;1,65626E+12;1,65621E+12;1,65626E+12;0,711562437;0,79221809;0,701390584;0,701390584;53269522,33
1,65609E+12;1,65617E+12;1,65612E+12;1,65614E+12;0,684050413;0,721157174;0,666207557;0,711478455;30547350,93
1,656E+12;1,65609E+12;1,65609E+12;1,656E+12;0,643914381;0,688349251;0,643018148;0,683655804;26252946,33
1,65591E+12;1,656E+12;1,65595E+12;1,65591E+12;0,605598293;0,664978433;0,602398336;0,644225886;23663990,71
1,65583E+12;1,65591E+12;1,65583E+12;1,65591E+12;0,654572089;0,655186916;0,604966371;0,605602395;21012270,16
1,65574E+12;1,65583E+12;1,65579E+12;1,65581E+12;0,671149702;0,706455866;0,648728258;0,65406782;31192954,68
1,65565E+12;1,65574E+12;1,6557E+12;1,65567E+12;0,658260078;0,68952027;0,625201961;0,671280682;22536141,81
1,65557E+12;1,65565E+12;1,65564E+12;1,65559E+12;0,612298079;0,669122855;0,581036547;0,658300483;25564582,64
1,65548E+12;1,65557E+12;1,65548E+12;1,65555E+12;0,700597246;0,713131708;0,555034631;0,61257017;38280375,96
1,6554E+12;1,65548E+12;1,6554E+12;1,65546E+12;0,812363994;0,820195808;0,678193024;0,700352612;55127847,61
1,65531E+12;1,6554E+12;1,65531E+12;1,65536E+12;0,900686181;0,908237753;0,784495251;0,812653814;30706795,27
1,65522E+12;1,65531E+12;1,6553E+12;1,65526E+12;0,870137469;0,916011981;0,777646238;0,90083686;30423265,56
1,65514E+12;1,65522E+12;1,65516E+12;1,65514E+12;0,859948991;0,938817009;0,815658016;0,869716971;29297430,13
1,65505E+12;1,65514E+12;1,65505E+12;1,6551E+12;0,985244511;0,993905275;0,806987194;0,859858255;47804974,47
1,65496E+12;1,65505E+12;1,65497E+12;1,65505E+12;1,070742964;1,079147866;0,984900236;0,986756433;28180492,61
1,65488E+12;1,65496E+12;1,65488E+12;1,65493E+12;1,170371876;1,19618306;1,048842244;1,069839003;23689485,1
1,65479E+12;1,65488E+12;1,65479E+12;1,65488E+12;1,274005119;1,275774994;1,169773555;1,170523884;27815528,82
1,6547E+12;1,65479E+12;1,65474E+12;1,65471E+12;1,263345422;1,309908569;1,254007988;1,274197513;53588835,28
1,65462E+12;1,6547E+12;1,65468E+12;1,65463E+12;1,287575043;1,348861096;1,254771646;1,263103842;30725084,83
1,65453E+12;1,65462E+12;1,65453E+12;1,65458E+12;1,345596025;1,34677283;1,229301746;1,287432958;31046907,93
1,65444E+12;1,65453E+12;1,65446E+12;1,65452E+12;1,370934902;1,431558799;1,321608309;1,345743926;34725600,75
1,65436E+12;1,65444E+12;1,65444E+12;1,65437E+12;1,315691614;1,368055921;1,297493743;1,368055921;25038091,08
1,65427E+12;1,65436E+12;1,65431E+12;1,65429E+12;1,292218867;1,341544153;1,286598463;1,315479466;22564450,59
1,65419E+12;1,65427E+12;1,65421E+12;1,65424E+12;1,350419152;1,385771883;1,254590194;1,291954837;30998350,16
1,6541E+12;1,65419E+12;1,65418E+12;1,6541E+12;1,237559978;1,382135874;1,223819072;1,351616931;29322839,02
1,65401E+12;1,6541E+12;1,65406E+12;1,65409E+12;1,355694243;1,370632477;1,216383828;1,236517151;34797331,75
1,65393E+12;1,65401E+12;1,65393E+12;1,65398E+12;1,401307132;1,411685666;1,288397188;1,355960445;42303647,26
1,65384E+12;1,65393E+12;1,65392E+12;1,65384E+12;1,228550319;1,41805876;1,207239169;1,401342622;38577600,63
1,65375E+12;1,65384E+12;1,65384E+12;1,65376E+12;1,215272348;1,231889196;1,17170465;1,228768892;16778251,63
1,65367E+12;1,65375E+12;1,65373E+12;1,65368E+12;1,197319449;1,232488917;1,169212296;1,215167996;20205786,37
1,65358E+12;1,65367E+12;1,65363E+12;1,6536E+12;1,171398322;1,240646837;1,133854776;1,1768196;28050823,87
1,65349E+12;1,65358E+12;1,6535E+12;1,65354E+12;1,294839963;1,329772476;1,155202302;1,174359481;27707013,65
1,65341E+12;1,65349E+12;1,65343E+12;1,65345E+12;1,390560897;1,551075468;1,279598401;1,294685964;70459481,83
1,65332E+12;1,65341E+12;1,65339E+12;1,65337E+12;1,165482764;1,447114603;1,132215893;1,388609107;78554854,23
1,65324E+12;1,65332E+12;1,6533E+12;1,65332E+12;1,236763396;1,306187995;1,160479322;1,165463975;38485242,28
1,65315E+12;1,65324E+12;1,65319E+12;1,65316E+12;1,182262827;1,254566438;1,161701056;1,237228443;29722614,34
1,65306E+12;1,65315E+12;1,65312E+12;1,65311E+12;1,134169955;1,199911421;1,10563324;1,182271732;27446322,16
1,65298E+12;1,65306E+12;1,65298E+12;1,65303E+12;1,212848155;1,251234274;1,085991689;1,13447666;38499994,94
1,65289E+12;1,65298E+12;1,65295E+12;1,6529E+12;1,113337834;1,257897968;1,095221596;1,213194735;56072320,24
1,6528E+12;1,65289E+12;1,65281E+12;1,65289E+12;1,396896733;1,424662417;1,11294674;1,11294674;38610524,37
1,65272E+12;1,6528E+12;1,65277E+12;1,65272E+12;1,289442959;1,438976888;1,287773968;1,397034925;30594042,09
1,65263E+12;1,65272E+12;1,65263E+12;1,65269E+12;1,408453808;1,411378265;1,246018193;1,290293314;32623968,58
1,65254E+12;1,65263E+12;1,65263E+12;1,65256E+12;1,228792865;1,412818399;1,196513342;1,40893311;37751879,86
1,65246E+12;1,65254E+12;1,65246E+12;1,65251E+12;1,204864499;1,255381671;1,079749392;1,228565779;30563672,56
1,65237E+12;1,65246E+12;1,65239E+12;1,65237E+12;1,134559628;1,394529908;1,126449276;1,20497152;63436373,27
1,65228E+12;1,65237E+12;1,65229E+12;1,6523E+12;1,226878093;1,275409296;1,053248117;1,134982872;69722642,33
1,6522E+12;1,65228E+12;1,6522E+12;1,65227E+12;1,72873416;1,786988341;1,084989749;1,225959878;81432393,27
1,65211E+12;1,6522E+12;1,65216E+12;1,65211E+12;1,719166505;1,973494525;1,623560649;1,72934364;60410513,93
1,65203E+12;1,65211E+12;1,65203E+12;1,65211E+12;2,116944112;2,161196362;1,720749509;1,720950724;68796362,97
1,65194E+12;1,65203E+12;1,65194E+12;1,652E+12;2,21616308;2,220865812;2,090222753;2,11610793;36209857,29
1,65185E+12;1,65194E+12;1,65185E+12;1,65194E+12;2,340038307;2,341934258;2,173208748;2,215790823;34136204,13
1,65177E+12;1,65185E+12;1,65177E+12;1,65182E+12;2,442813452;2,445270833;2,267054543;2,340964786;58596275,85
1,65168E+12;1,65177E+12;1,6517E+12;1,65175E+12;2,764577623;2,904630709;2,362043359;2,44185196;73187339,01
1,65159E+12;1,65168E+12;1,65167E+12;1,6516E+12;2,454408395;2,841606415;2,428000192;2,764863531;79062798,4
1,65151E+12;1,65159E+12;1,65152E+12;1,65158E+12;2,501077784;2,576200388;2,419709533;2,449428727;39744118,86
1,65142E+12;1,65151E+12;1,65144E+12;1,65149E+12;2,5217873;2,642103404;2,447559888;2,501469432;57336309,82
1,65133E+12;1,65142E+12;1,65142E+12;1,65138E+12;2,387137437;2,556323846;2,355599936;2,523125018;56648037,7
1,65125E+12;1,65133E+12;1,65129E+12;1,65133E+12;2,655467908;2,791527458;2,317501798;2,387601356;63383308,98
1,65116E+12;1,65125E+12;1,65116E+12;1,65124E+12;3,000839338;3,011071607;2,583907107;2,655517407;77015217,1
1,65108E+12;1,65116E+12;1,65112E+12;1,65115E+12;2,995122413;3,222399637;2,977175285;3,008727001;94512363,89
1,65099E+12;1,65108E+12;1,65102E+12;1,65104E+12;3,05691699;3,100453329;2,931782253;2,995264216;69199517,63
1,6509E+12;1,65099E+12;1,6509E+12;1,65099E+12;3,494210626;3,576603901;3,010030778;3,056282637;73021025,26
1,65082E+12;1,6509E+12;1,6509E+12;1,65084E+12;3,305267649;3,510067433;3,081471305;3,493615525;91461585,09
1,65073E+12;1,65082E+12;1,65076E+12;1,65082E+12;3,639915728;3,710826377;3,30553802;3,305858735;61671117,63
1,65064E+12;1,65073E+12;1,6507E+12;1,65066E+12;3,740489261;3,776122192;3,584273056;3,640809322;58068114,23
1,65056E+12;1,65064E+12;1,65058E+12;1,65062E+12;3,901869012;3,981962538;3,646728659;3,742023949;71713795,96
1,65047E+12;1,65056E+12;1,65052E+12;1,65055E+12;4,080040956;4,233165313;3,817368186;3,901604789;91468882,06
1,65038E+12;1,65047E+12;1,65043E+12;1,65044E+12;4,203759441;4,451545193;4,035715137;4,080048015;131612359,9
1,6503E+12;1,65038E+12;1,65035E+12;1,65033E+12;4,181934294;4,294071625;4,009760935;4,207011435;123417578,6
1,65021E+12;1,6503E+12;1,6503E+12;1,65023E+12;3,856541867;4,220203702;3,675969333;4,202755934;119550746,7
1,65012E+12;1,65021E+12;1,65013E+12;1,65021E+12;4,229553205;4,274203884;3,826474255;3,856551898;90355267,71
1,65004E+12;1,65012E+12;1,65009E+12;1,65004E+12;4,046357427;4,304473614;3,979966403;4,241737077;144995670,3
1,64995E+12;1,65004E+12;1,65002E+12;1,64995E+12;3,789834243;4,144294251;3,782325838;4,045860616;116636933,3
1,64987E+12;1,64995E+12;1,64989E+12;1,64993E+12;3,963507633;4,166421314;3,718578062;3,789377924;122634960,8
1,64978E+12;1,64987E+12;1,64985E+12;1,64983E+12;3,666115907;4,223954743;3,445149192;3,963833198;155697947,3
1,64969E+12;1,64978E+12;1,64974E+12;1,64969E+12;3,413149419;3,773808478;3,411149445;3,665825121;112078220,1
1,64961E+12;1,64969E+12;1,64961E+12;1,64969E+12;3,999153657;4,01413261;3,401198839;3,41303599;134050283
1,64952E+12;1,64961E+12;1,64955E+12;1,64952E+12;3,951221972;4,477887134;3,930883528;4,009054312;180879956
1,64943E+12;1,64952E+12;1,64948E+12;1,64944E+12;3,743740617;3,959740306;3,70936712;3,952159558;62998241,61
1,64935E+12;1,64943E+12;1,64935E+12;1,6494E+12;4,072758374;4,189158143;3,715763702;3,74355196;123550498,1
1,64926E+12;1,64935E+12;1,64929E+12;1,64926E+12;3,760187511;4,172186158;3,72926366;4,072245657;124522364,5
1,64917E+12;1,64926E+12;1,64918E+12;1,64926E+12;4,342734799;4,678029966;3,763375875;3,76426137;167621848,1
1,64909E+12;1,64917E+12;1,64909E+12;1,64917E+12;5,066197306;5,430307111;4,342236803;4,342528928;188177799
1,649E+12;1,64909E+12;1,64904E+12;1,64907E+12;5,277660609;5,944301642;4,845518903;5,0668965;450754376,2
1,64892E+12;1,649E+12;1,649E+12;1,64894E+12;4,988398105;5,500427755;4,463712044;5,288848942;519376374
1,64883E+12;1,64892E+12;1,64887E+12;1,64883E+12;3,465922117;5,553898677;3,439621602;4,984171723;895192207,3
1,64874E+12;1,64883E+12;1,64883E+12;1,64876E+12;3,1224529;3,480573483;2,961901229;3,463334903;65247599,47
1,64866E+12;1,64874E+12;1,64869E+12;1,64872E+12;3,310362619;3,471795012;3,079183817;3,121884275;60067351,82
1,64857E+12;1,64866E+12;1,6486E+12;1,64858E+12;3,300005799;3,598915097;3,209850135;3,310067121;85732385,8
1,64848E+12;1,64857E+12;1,64854E+12;1,64848E+12;3,054882767;3,589555513;3,054882767;3,300194986;120042750,2
1,6484E+12;1,64848E+12;1,64844E+12;1,6484E+12;2,862495612;3,368160289;2,859151742;3,056375637;111859355,5
1,64831E+12;1,6484E+12;1,64839E+12;1,64837E+12;2,777627175;2,872803582;2,746149485;2,862209211;33345838
1,64822E+12;1,64831E+12;1,64826E+12;1,64829E+12;2,742604976;2,78093482;2,710756849;2,777587909;27574991,57
1,64814E+12;1,64822E+12;1,64819E+12;1,64822E+12;2,854469423;2,895233299;2,740093186;2,74268879;35620274,71
1,64805E+12;1,64814E+12;1,64811E+12;1,64807E+12;2,789034531;2,913944632;2,750142065;2,858799377;59410481,57
1,64796E+12;1,64805E+12;1,64802E+12;1,64798E+12;2,766373795;2,838320603;2,678062694;2,78936527;48937879,96
1,64788E+12;1,64796E+12;1,64792E+12;1,64788E+12;2,756881147;2,911778083;2,741073967;2,766675977;59173580,84
1,64779E+12;1,64788E+12;1,64784E+12;1,64779E+12;2,684734681;2,867999234;2,67598226;2,757098888;72387564,4
1,64771E+12;1,64779E+12;1,64771E+12;1,64777E+12;2,859382138;3,158249302;2,633119444;2,685641336;151148445,6
1,64762E+12;1,64771E+12;1,64769E+12;1,64762E+12;2,367224815;2,936977913;2,367224815;2,857198741;140632727,3
1,64753E+12;1,64762E+12;1,6476E+12;1,64758E+12;2,408852001;2,449828173;2,336836617;2,367422997;46668486,91
1,64745E+12;1,64753E+12;1,64745E+12;1,6475E+12;2,538263629;2,552797761;2,378108398;2,409069847;56116174,11
1,64736E+12;1,64745E+12;1,64744E+12;1,64736E+12;2,236538699;2,668565483;2,220370182;2,536141062;86388990,9
1,64727E+12;1,64736E+12;1,64727E+12;1,64731E+12;2,381004701;2,385331636;2,194420331;2,236674321;66797188,01
1,64719E+12;1,64727E+12;1,64726E+12;1,64721E+12;2,244430267;2,433173663;2,190996631;2,38130458;69906632,57
1,6471E+12;1,64719E+12;1,64712E+12;1,64718E+12;2,378189031;2,447209327;2,230755578;2,244743831;38255940,42
1,64701E+12;1,6471E+12;1,64703E+12;1,6471E+12;2,420075072;2,485112876;2,379741075;2,379741075;40640136,16
1,64693E+12;1,64701E+12;1,64697E+12;1,64701E+12;2,534569355;2,642412505;2,419657779;2,419703416;63536741,74
1,64684E+12;1,64693E+12;1,64689E+12;1,64687E+12;2,618259642;2,912228814;2,409864687;2,533798613;102042908,7
1,64676E+12;1,64684E+12;1,64679E+12;1,64676E+12;2,472376355;2,790806568;2,472376355;2,618822222;66482272,01
1,64667E+12;1,64676E+12;1,64669E+12;1,64675E+12;2,563774874;2,620632703;2,470443564;2,470845036;45710038,53
1,64658E+12;1,64667E+12;1,64663E+12;1,64666E+12;2,703609666;2,76467869;2,520854384;2,564342228;59583340,48
1,6465E+12;1,64658E+12;1,6465E+12;1,64653E+12;2,936691501;3,014469678;2,660536907;2,703060661;78390557,49
1,64641E+12;1,6465E+12;1,64643E+12;1,64649E+12;3,081061266;3,356447427;2,882725863;2,936766865;121454609,6
1,64632E+12;1,64641E+12;1,64635E+12;1,64633E+12;3,085938184;3,466607634;2,844451828;3,079448853;240863497,8
1,64624E+12;1,64632E+12;1,64628E+12;1,64626E+12;2,89496795;3,34419116;2,75951436;3,084338268;285159985,8
1,64615E+12;1,64624E+12;1,64622E+12;1,64616E+12;2,624062372;3,018750103;2,525112191;2,896372926;154285585,6
1,64606E+12;1,64615E+12;1,64607E+12;1,6461E+12;2,657842308;2,709966465;2,534966673;2,623861321;65106537,65
1,64598E+12;1,64606E+12;1,64606E+12;1,646E+12;2,356241758;2,657445875;2,301129858;2,657445875;89507014,5
1,64589E+12;1,64598E+12;1,64592E+12;1,64597E+12;2,578605626;2,643580103;2,326214185;2,356645551;101059355,8
1,6458E+12;1,64589E+12;1,64585E+12;1,64583E+12;2,384993664;2,676975137;2,333873273;2,58026531;128062129,4
1,64572E+12;1,6458E+12;1,6458E+12;1,64575E+12;2,162853107;2,38262207;2,148773894;2,38262207;81558886,31
1,64563E+12;1,64572E+12;1,64564E+12;1,64565E+12;2,258360797;2,263975894;1,888792314;2,159462409;133569505,7
1,64555E+12;1,64563E+12;1,64558E+12;1,64563E+12;2,421064834;2,593707411;2,229775568;2,26243395;92297531,71
1,64546E+12;1,64555E+12;1,6455E+12;1,64547E+12;2,32532407;2,485765401;2,219088013;2,422736903;119801603,8
1,64537E+12;1,64546E+12;1,64539E+12;1,64546E+12;2,844811838;2,895369778;2,317618292;2,326638438;353196192,5
1,64529E+12;1,64537E+12;1,64529E+12;1,64533E+12;3,673812267;3,675222803;1,930110679;2,842502016;566202438,9
1,6452E+12;1,64529E+12;1,6452E+12;1,64525E+12;3,880745278;4,007249184;3,593194562;3,673185922;44072579,69
1,64511E+12;1,6452E+12;1,64515E+12;1,6452E+12;4,304666346;4,513174249;3,82793233;3,881815434;47472425,92
1,64503E+12;1,64511E+12;1,64505E+12;1,6451E+12;5,050393509;5,115103745;4,281275085;4,303229833;42898050,38
1,64494E+12;1,64503E+12;1,64498E+12;1,64496E+12;5,172506832;5,381070282;4,899452461;5,052239253;51639822,42
1,64485E+12;1,64494E+12;1,64491E+12;1,64486E+12;4,655133486;5,396528178;4,642930828;5,167798796;52031794,44
1,64477E+12;1,64485E+12;1,64483E+12;1,64481E+12;4,71723405;4,761926626;4,495464578;4,657043287;29603828,09
1,64468E+12;1,64477E+12;1,6447E+12;1,64475E+12;4,889662173;5,016416631;4,658610318;4,718893297;26089430,56
1,6446E+12;1,64468E+12;1,64461E+12;1,64468E+12;5,222084045;5,288693879;4,795406445;4,888845397;38784768,96
1,64451E+12;1,6446E+12;1,64457E+12;1,64459E+12;5,537224586;5,946142752;5,214257639;5,225077466;53261927,66
1,64442E+12;1,64451E+12;1,64445E+12;1,64447E+12;5,901215257;5,951889251;5,525913151;5,53706375;34863229,93
1,64434E+12;1,64442E+12;1,64441E+12;1,64436E+12;5,832138572;5,99796906;5,628723859;5,901415106;30263019,42
1,64425E+12;1,64434E+12;1,64427E+12;1,64431E+12;6,288264127;6,363961758;5,623871588;5,833220806;35448372,64
1,64416E+12;1,64425E+12;1,64422E+12;1,64417E+12;6,151832546;6,613273024;6,002745187;6,29297947;42534994,27
1,64408E+12;1,64416E+12;1,64411E+12;1,64408E+12;5,758620722;6,671656463;5,758620722;6,145213621;66144504,98
1,64399E+12;1,64408E+12;1,64405E+12;1,64402E+12;5,731497366;6,190511465;5,690010534;5,759534259;67994445,88
1,6439E+12;1,64399E+12;1,64397E+12;1,6439E+12;4,746478015;6,062141731;4,740754883;5,721464475;88340419,7
1,64382E+12;1,6439E+12;1,64382E+12;1,64387E+12;5,084751778;5,10164037;4,593774963;4,745981906;26347263,6
1,64373E+12;1,64382E+12;1,64378E+12;1,64381E+12;5,327555284;5,497354278;5,0288011;5,08296079;31475028,36
1,64364E+12;1,64373E+12;1,64368E+12;1,64372E+12;5,395559843;5,745120156;5,252572865;5,331046342;30661284,76
1,64356E+12;1,64364E+12;1,64356E+12;1,6436E+12;5,722960926;5,722960926;5,081157736;5,395185994;40348777,83
1,64347E+12;1,64356E+12;1,6435E+12;1,64355E+12;6,179954351;6,363809198;5,678194982;5,727058559;31906083,72
1,64339E+12;1,64347E+12;1,64342E+12;1,64345E+12;6,426224452;6,532482755;6,105201666;6,179000197;33858907,32
1,6433E+12;1,64339E+12;1,6433E+12;1,64335E+12;6,601697351;6,667820268;6,004162795;6,422320573;43165879,49
1,64321E+12;1,6433E+12;1,64322E+12;1,64329E+12;7,236746262;7,320781125;6,514360367;6,601179651;40434892,54
1,64313E+12;1,64321E+12;1,64315E+12;1,64321E+12;7,769338519;7,869986107;7,039347437;7,245516325;38893989,55
1,64304E+12;1,64313E+12;1,64311E+12;1,64307E+12;7,408510893;7,969723862;7,111219256;7,766220426;41598840,89
1,64295E+12;1,64304E+12;1,64295E+12;1,643E+12;8,011867725;8,017714796;6,52159905;7,410117308;60903458,02
1,64287E+12;1,64295E+12;1,6429E+12;1,64287E+12;7,406867975;8,681927511;7,389181058;8,018445038;55712867,88
1,64278E+12;1,64287E+12;1,64279E+12;1,64281E+12;8,664841729;9,002961616;6,796738994;7,406135069;83298765,49
1,64269E+12;1,64278E+12;1,6427E+12;1,64277E+12;9,799763042;10,00938185;8,519724298;8,658977295;85724737,44
1,64261E+12;1,64269E+12;1,64264E+12;1,64269E+12;10,18300553;11,31510124;9,826729365;9,826729365;47751376,41
1,64252E+12;1,64261E+12;1,64258E+12;1,64255E+12;9,177919519;10,99225943;8,447924934;10,21774964;170934489,7
1,64244E+12;1,64252E+12;1,64244E+12;1,64248E+12;9,98522565;10,24558301;8,665426728;9,144611709;105546927,9
1,64235E+12;1,64244E+12;1,64238E+12;1,64241E+12;10,47966015;10,96956541;9,645978609;9,971584521;125772626
1,64226E+12;1,64235E+12;1,64227E+12;1,64235E+12;12,63858955;12,78246741;10,50679559;10,50679559;108179943,6
1,64218E+12;1,64226E+12;1,6422E+12;1,64218E+12;13,4405161;14,18942575;12,41571297;12,63761764;148136388,4
1,64209E+12;1,64218E+12;1,64214E+12;1,64209E+12;11,74182522;15,88432047;11,37646546;13,44515025;422720215,4
1,642E+12;1,64209E+12;1,64206E+12;1,64201E+12;8,970016758;14,3782931;8,565941068;11,74636227;481463775,2
1,64192E+12;1,642E+12;1,64192E+12;1,64194E+12;11,97694206;12,56559019;8,39881314;8,971501811;259770390,1